Tamper ID,Tamper Category,Relation / Component,Artifact / Fixture,Mutation,Expected Rejection Layer,Observed Rejection Layer,Expected Result,Observed Result,Status,Error Class,Error Message Snippet,Backend,SP1 Proof Backed,Proof Generated For Original,Tampered Proof Generated,Tampered Verify Passed,Public Input Binding Checked,Dataset Root Checked,Manifest Hash Checked,Audit Report Hash Checked,Checkpoint Hash Checked,Target Sync Checked,Runtime Seconds,Git Commit,Notes
forward_td_mlp_tamper_action_index,action,forward_td_mlp,zk_backend/test_vectors/forward_td_mlp_case_0.json,change action index,python_semantic_oracle,rust_execute,reject,rejected,rejected_as_expected,AssertionError,"AssertionError: leaf mismatch: actual=[18, -45, -28, -32, 0, 1000, 17, -239, -29, 252, 0] expected=[18, -45, -28, -32, 1, 1000, 17, -239, -29, 252, 0]",SP1 Forward-TD MLP,True,True,False,False,False,False,False,False,False,False,0.000104,,reused existing SP1 provenance tamper_report.json
forward_td_mlp_tamper_done,done,forward_td_mlp,zk_backend/test_vectors/forward_td_mlp_case_0.json,flip done flag,python_semantic_oracle,rust_execute,reject,rejected,rejected_as_expected,AssertionError,"AssertionError: leaf mismatch: actual=[18, -45, -28, -32, 0, 1000, 17, -239, -29, 252, 0] expected=[18, -45, -28, -32, 0, 1000, 17, -239, -29, 252, 1]",SP1 Forward-TD MLP,True,True,False,False,False,False,False,False,False,False,0.000105,,reused existing SP1 provenance tamper_report.json
forward_td_mlp_tamper_gamma,td_target,forward_td_mlp,zk_backend/test_vectors/forward_td_mlp_case_0.json,change TD arithmetic public claim,python_semantic_oracle,rust_execute,reject,rejected,rejected_as_expected,AssertionError,AssertionError: td_error_fp mismatch: actual=-995 expected=-996,SP1 Forward-TD MLP,True,True,False,False,False,False,False,False,False,False,0.000105,,reused existing SP1 provenance tamper_report.json
forward_td_mlp_tamper_loss,loss,forward_td_mlp,zk_backend/test_vectors/forward_td_mlp_case_0.json,change claimed loss,python_semantic_oracle,rust_execute,reject,rejected,rejected_as_expected,AssertionError,AssertionError: claimed_batch_loss_fp mismatch: actual=497 expected=496,SP1 Forward-TD MLP,True,True,False,False,False,False,False,False,False,False,0.000105,,reused existing SP1 provenance tamper_report.json
forward_td_mlp_tamper_public_input_loss,proof_public_input,forward_td_mlp,zk_backend/test_vectors/forward_td_mlp_case_0.json,change loss public input,public_input_binding,public_input_binding,reject,rejected,rejected_as_expected,AssertionError,AssertionError: claimed_batch_loss_fp mismatch: actual=497 expected=496,SP1 Forward-TD MLP,True,True,False,False,True,False,False,False,False,False,0.000105,,reused existing SP1 provenance tamper_report.json
forward_td_mlp_tamper_public_input_td_target,proof_public_input,forward_td_mlp,zk_backend/test_vectors/forward_td_mlp_case_0.json,change TD target public input,public_input_binding,public_input_binding,reject,rejected,rejected_as_expected,AssertionError,AssertionError: target_fp mismatch: actual=957 expected=956,SP1 Forward-TD MLP,True,True,False,False,True,False,False,False,False,False,0.000105,,reused existing SP1 provenance tamper_report.json
forward_td_mlp_tamper_q_online,q_value,forward_td_mlp,zk_backend/test_vectors/forward_td_mlp_case_0.json,change claimed selected online Q,python_semantic_oracle,rust_execute,reject,rejected,rejected_as_expected,AssertionError,AssertionError: q_online_action_fp mismatch: actual=-39 expected=-40,SP1 Forward-TD MLP,True,True,False,False,False,False,False,False,False,False,0.000154,,reused existing SP1 provenance tamper_report.json
forward_td_mlp_tamper_q_target,q_value,forward_td_mlp,zk_backend/test_vectors/forward_td_mlp_case_0.json,change claimed target-network Q,python_semantic_oracle,rust_execute,reject,rejected,rejected_as_expected,AssertionError,AssertionError: q_target_max_fp mismatch: actual=-44 expected=-45,SP1 Forward-TD MLP,True,True,False,False,False,False,False,False,False,False,0.00011,,reused existing SP1 provenance tamper_report.json
forward_td_mlp_tamper_reward,reward,forward_td_mlp,zk_backend/test_vectors/forward_td_mlp_case_0.json,change transition reward,python_semantic_oracle,rust_execute,reject,rejected,rejected_as_expected,AssertionError,"AssertionError: leaf mismatch: actual=[18, -45, -28, -32, 0, 1000, 17, -239, -29, 252, 0] expected=[18, -45, -28, -32, 0, 2000, 17, -239, -29, 252, 0]",SP1 Forward-TD MLP,True,True,False,False,False,False,False,False,False,False,0.000108,,reused existing SP1 provenance tamper_report.json
forward_td_mlp_tamper_selected_q_value,q_value,forward_td_mlp,zk_backend/test_vectors/forward_td_mlp_case_0.json,change selected Q value,python_semantic_oracle,rust_execute,reject,rejected,rejected_as_expected,AssertionError,AssertionError: q_online_action_fp mismatch: actual=-39 expected=-40,SP1 Forward-TD MLP,True,True,False,False,False,False,False,False,False,False,0.000129,,reused existing SP1 provenance tamper_report.json
forward_td_mlp_tamper_td_target,td_target,forward_td_mlp,zk_backend/test_vectors/forward_td_mlp_case_0.json,change claimed TD target,python_semantic_oracle,rust_execute,reject,rejected,rejected_as_expected,AssertionError,AssertionError: target_fp mismatch: actual=957 expected=956,SP1 Forward-TD MLP,True,True,False,False,False,False,False,False,False,False,0.000106,,reused existing SP1 provenance tamper_report.json
one_step_sgd_tiny_tamper_bias_after,checkpoint_hash,one_step_sgd_tiny,zk_backend/test_vectors/one_step_sgd_tiny_case_0.json,change post-checkpoint commitment,python_semantic_oracle,rust_execute,reject,rejected,rejected_as_expected,AssertionError,AssertionError: post_model_commitment mismatch: actual='1111111111111111111111111111111111111111111111111111111111111111' expected='bbf63fa4fde94f33b52daaf44622931963e0bbd8464bd125,SP1 one-step SGD tiny,True,True,False,False,False,False,False,False,False,False,0.000115,,reused existing SP1 provenance tamper_report.json
one_step_sgd_tiny_tamper_bias_before,checkpoint_hash,one_step_sgd_tiny,zk_backend/test_vectors/one_step_sgd_tiny_case_0.json,change pre-checkpoint commitment,python_semantic_oracle,rust_execute,reject,rejected,rejected_as_expected,AssertionError,AssertionError: pre_model_commitment mismatch: actual='0000000000000000000000000000000000000000000000000000000000000000' expected='2f630e5b3dac38f89d32ad2a55ab2d42ee5901347c68b4678,SP1 one-step SGD tiny,True,True,False,False,False,False,False,False,False,False,9.9e-05,,reused existing SP1 provenance tamper_report.json
one_step_sgd_tiny_tamper_gradient,gradient,one_step_sgd_tiny,zk_backend/test_vectors/one_step_sgd_tiny_case_0.json,change gradient tensor,python_semantic_oracle,rust_execute,reject,rejected,rejected_as_expected,AssertionError,"AssertionError: gradient_tensors mismatch: actual=[{'weight': [[1, 0, 0, 0], [1, -2, -1, -1], [-1, 3, 2, 2], [-3, 8, 5, 6], [0, -2, -1, -1], [0, 1, 0, 0], [0, -2, -1, -1], [0, 1, 0",SP1 one-step SGD tiny,True,True,False,False,False,False,False,False,False,False,0.000107,,reused existing SP1 provenance tamper_report.json
one_step_sgd_tiny_tamper_learning_rate,gradient,one_step_sgd_tiny,zk_backend/test_vectors/one_step_sgd_tiny_case_0.json,change learning-rate public input,python_semantic_oracle,rust_execute,reject,rejected,rejected_as_expected,AssertionError,"AssertionError: delta_tensors mismatch: actual=[{'weight': [[0, 0, 0, 0], [0, 0, 0, 0], [0, 0, 0, 0], [0, 0, 0, 0], [0, 0, 0, 0], [0, 0, 0, 0], [0, 0, 0, 0], [0, 0, 0, 0]], 'bias':",SP1 one-step SGD tiny,True,True,False,False,False,False,False,False,False,False,0.0001,,reused existing SP1 provenance tamper_report.json
one_step_sgd_tiny_tamper_public_input_checkpoint_or_update_hash,proof_public_input,one_step_sgd_tiny,zk_backend/test_vectors/one_step_sgd_tiny_case_0.json,change update hash public input,public_input_binding,public_input_binding,reject,rejected,rejected_as_expected,AssertionError,"AssertionError: delta_tensors mismatch: actual=[{'weight': [[1, 0, 0, 0], [0, 0, 0, 0], [0, 0, 0, 0], [0, 0, 0, 0], [0, 0, 0, 0], [0, 0, 0, 0], [0, 0, 0, 0], [0, 0, 0, 0]], 'bias':",SP1 one-step SGD tiny,True,True,False,False,True,False,False,False,True,False,9.5e-05,,reused existing SP1 provenance tamper_report.json
one_step_sgd_tiny_tamper_weight_after,checkpoint_hash,one_step_sgd_tiny,zk_backend/test_vectors/one_step_sgd_tiny_case_0.json,change post-update weight,python_semantic_oracle,rust_execute,reject,rejected,rejected_as_expected,AssertionError,AssertionError: post_model_commitment mismatch: actual='bbf63fa4fde94f33b52daaf44622931963e0bbd8464bd125d70736d1f0afdb65' expected='52b3bef8b5b37c5115cdcf4389ec992610be95d06e1dfb66,SP1 one-step SGD tiny,True,True,False,False,False,False,False,False,False,False,9.5e-05,,reused existing SP1 provenance tamper_report.json
one_step_sgd_tiny_tamper_weight_before,checkpoint_hash,one_step_sgd_tiny,zk_backend/test_vectors/one_step_sgd_tiny_case_0.json,change pre-update weight,python_semantic_oracle,rust_execute,reject,rejected,rejected_as_expected,AssertionError,AssertionError: pre_model_commitment mismatch: actual='2f630e5b3dac38f89d32ad2a55ab2d42ee5901347c68b4678f4d7555eceba800' expected='802a3727052df43493519282cb93cb71a8aeac0d7f5aa92bf,SP1 one-step SGD tiny,True,True,False,False,False,False,False,False,False,False,9.6e-05,,reused existing SP1 provenance tamper_report.json
tamper_action_before_commit,action,dataset_provenance,dataset_provenance,change action before commitment,dataset_audit,dataset_audit,reject,rejected,rejected_as_expected,ValueError,ValueError: raw_trajectory_hash does not match raw_episodes.jsonl,Python semantic oracle,False,,,,False,False,False,False,False,False,0.00154,,
tamper_aggregation_aggregate_root_t128,proof_public_input,training_aggregation_manifest_t128,zk_backend/test_vectors/training_aggregation_t128_case_0.json,change aggregate root,public_input_binding,public_input_binding,reject,rejected,rejected_as_expected,TamperRejected,aggregate_root mismatch,SP1 proof-manifest aggregation,True,True,False,False,True,False,False,False,True,False,0.000135,,"proof-manifest-chain mode; child proofs are bound by hash, not verified in-guest (see the recursive rows for in-guest verification); reused existing SP1 provenance tamper_report.json"
tamper_aggregation_aggregate_root_t32,proof_public_input,training_aggregation_manifest_t32,zk_backend/test_vectors/training_aggregation_t32_case_0.json,change aggregate root,public_input_binding,public_input_binding,reject,rejected,rejected_as_expected,TamperRejected,aggregate_root mismatch,SP1 proof-manifest aggregation,True,True,False,False,True,False,False,False,True,False,0.000138,,"proof-manifest-chain mode; child proofs are bound by hash, not verified in-guest (see the recursive rows for in-guest verification); reused existing SP1 provenance tamper_report.json"
tamper_aggregation_aggregate_root_t64,proof_public_input,training_aggregation_manifest_t64,zk_backend/test_vectors/training_aggregation_t64_case_0.json,change aggregate root,public_input_binding,public_input_binding,reject,rejected,rejected_as_expected,TamperRejected,aggregate_root mismatch,SP1 proof-manifest aggregation,True,True,False,False,True,False,False,False,True,False,0.000117,,"proof-manifest-chain mode; child proofs are bound by hash, not verified in-guest (see the recursive rows for in-guest verification); reused existing SP1 provenance tamper_report.json"
tamper_aggregation_checkpoint_link_t128,checkpoint_hash,training_aggregation_manifest_t128,zk_backend/test_vectors/training_aggregation_t128_case_0.json,break online checkpoint link,python_semantic_oracle,rust_execute,reject,rejected,rejected_as_expected,TamperRejected,checkpoint link mismatch,SP1 proof-manifest aggregation,True,True,False,False,False,False,False,False,True,False,0.000113,,"proof-manifest-chain mode; child proofs are bound by hash, not verified in-guest (see the recursive rows for in-guest verification); reused existing SP1 provenance tamper_report.json"
tamper_aggregation_checkpoint_link_t32,checkpoint_hash,training_aggregation_manifest_t32,zk_backend/test_vectors/training_aggregation_t32_case_0.json,break online checkpoint link,python_semantic_oracle,rust_execute,reject,rejected,rejected_as_expected,TamperRejected,checkpoint link mismatch,SP1 proof-manifest aggregation,True,True,False,False,False,False,False,False,True,False,0.00012,,"proof-manifest-chain mode; child proofs are bound by hash, not verified in-guest (see the recursive rows for in-guest verification); reused existing SP1 provenance tamper_report.json"
tamper_aggregation_checkpoint_link_t64,checkpoint_hash,training_aggregation_manifest_t64,zk_backend/test_vectors/training_aggregation_t64_case_0.json,break online checkpoint link,python_semantic_oracle,rust_execute,reject,rejected,rejected_as_expected,TamperRejected,checkpoint link mismatch,SP1 proof-manifest aggregation,True,True,False,False,False,False,False,False,True,False,0.000116,,"proof-manifest-chain mode; child proofs are bound by hash, not verified in-guest (see the recursive rows for in-guest verification); reused existing SP1 provenance tamper_report.json"
tamper_aggregation_child_proof_hash_t128,proof_public_input,training_aggregation_manifest_t128,zk_backend/test_vectors/training_aggregation_t128_case_0.json,change child proof manifest hash,public_input_binding,public_input_binding,reject,rejected,rejected_as_expected,TamperRejected,aggregate_root mismatch,SP1 proof-manifest aggregation,True,True,False,False,True,False,False,False,True,False,0.000122,,"proof-manifest-chain mode; child proofs are bound by hash, not verified in-guest (see the recursive rows for in-guest verification); reused existing SP1 provenance tamper_report.json"
tamper_aggregation_child_proof_hash_t32,proof_public_input,training_aggregation_manifest_t32,zk_backend/test_vectors/training_aggregation_t32_case_0.json,change child proof manifest hash,public_input_binding,public_input_binding,reject,rejected,rejected_as_expected,TamperRejected,aggregate_root mismatch,SP1 proof-manifest aggregation,True,True,False,False,True,False,False,False,True,False,0.000126,,"proof-manifest-chain mode; child proofs are bound by hash, not verified in-guest (see the recursive rows for in-guest verification); reused existing SP1 provenance tamper_report.json"
tamper_aggregation_child_proof_hash_t64,proof_public_input,training_aggregation_manifest_t64,zk_backend/test_vectors/training_aggregation_t64_case_0.json,change child proof manifest hash,public_input_binding,public_input_binding,reject,rejected,rejected_as_expected,TamperRejected,aggregate_root mismatch,SP1 proof-manifest aggregation,True,True,False,False,True,False,False,False,True,False,0.000118,,"proof-manifest-chain mode; child proofs are bound by hash, not verified in-guest (see the recursive rows for in-guest verification); reused existing SP1 provenance tamper_report.json"
tamper_aggregation_child_public_inputs_hash_t128,proof_public_input,training_aggregation_manifest_t128,zk_backend/test_vectors/training_aggregation_t128_case_0.json,change child public inputs hash,public_input_binding,public_input_binding,reject,rejected,rejected_as_expected,TamperRejected,aggregate_root mismatch,SP1 proof-manifest aggregation,True,True,False,False,True,False,False,False,True,False,0.000133,,"proof-manifest-chain mode; child proofs are bound by hash, not verified in-guest (see the recursive rows for in-guest verification); reused existing SP1 provenance tamper_report.json"
tamper_aggregation_child_public_inputs_hash_t32,proof_public_input,training_aggregation_manifest_t32,zk_backend/test_vectors/training_aggregation_t32_case_0.json,change child public inputs hash,public_input_binding,public_input_binding,reject,rejected,rejected_as_expected,TamperRejected,aggregate_root mismatch,SP1 proof-manifest aggregation,True,True,False,False,True,False,False,False,True,False,0.000138,,"proof-manifest-chain mode; child proofs are bound by hash, not verified in-guest (see the recursive rows for in-guest verification); reused existing SP1 provenance tamper_report.json"
tamper_aggregation_child_public_inputs_hash_t64,proof_public_input,training_aggregation_manifest_t64,zk_backend/test_vectors/training_aggregation_t64_case_0.json,change child public inputs hash,public_input_binding,public_input_binding,reject,rejected,rejected_as_expected,TamperRejected,aggregate_root mismatch,SP1 proof-manifest aggregation,True,True,False,False,True,False,False,False,True,False,0.000122,,"proof-manifest-chain mode; child proofs are bound by hash, not verified in-guest (see the recursive rows for in-guest verification); reused existing SP1 provenance tamper_report.json"
tamper_aggregation_chunk_order_t128,minibatch_index,training_aggregation_manifest_t128,zk_backend/test_vectors/training_aggregation_t128_case_0.json,change chunk order,python_semantic_oracle,rust_execute,reject,rejected,rejected_as_expected,TamperRejected,chunk order mismatch,SP1 proof-manifest aggregation,True,True,False,False,False,False,False,False,False,False,0.000116,,"proof-manifest-chain mode; child proofs are bound by hash, not verified in-guest (see the recursive rows for in-guest verification); reused existing SP1 provenance tamper_report.json"
tamper_aggregation_chunk_order_t32,minibatch_index,training_aggregation_manifest_t32,zk_backend/test_vectors/training_aggregation_t32_case_0.json,change chunk order,python_semantic_oracle,rust_execute,reject,rejected,rejected_as_expected,TamperRejected,chunk order mismatch,SP1 proof-manifest aggregation,True,True,False,False,False,False,False,False,False,False,0.000122,,"proof-manifest-chain mode; child proofs are bound by hash, not verified in-guest (see the recursive rows for in-guest verification); reused existing SP1 provenance tamper_report.json"
tamper_aggregation_chunk_order_t64,minibatch_index,training_aggregation_manifest_t64,zk_backend/test_vectors/training_aggregation_t64_case_0.json,change chunk order,python_semantic_oracle,rust_execute,reject,rejected,rejected_as_expected,TamperRejected,chunk order mismatch,SP1 proof-manifest aggregation,True,True,False,False,False,False,False,False,False,False,0.000117,,"proof-manifest-chain mode; child proofs are bound by hash, not verified in-guest (see the recursive rows for in-guest verification); reused existing SP1 provenance tamper_report.json"
tamper_aggregation_config_hash_t128,manifest_hash,training_aggregation_manifest_t128,zk_backend/test_vectors/training_aggregation_t128_case_0.json,change config hash,python_semantic_oracle,python_semantic_oracle,reject,rejected,rejected_as_expected,TamperRejected,config_hash mismatch,SP1 proof-manifest aggregation,True,True,False,False,False,False,True,False,False,False,0.000113,,"proof-manifest-chain mode; child proofs are bound by hash, not verified in-guest (see the recursive rows for in-guest verification); reused existing SP1 provenance tamper_report.json"
tamper_aggregation_config_hash_t32,manifest_hash,training_aggregation_manifest_t32,zk_backend/test_vectors/training_aggregation_t32_case_0.json,change config hash,python_semantic_oracle,python_semantic_oracle,reject,rejected,rejected_as_expected,TamperRejected,config_hash mismatch,SP1 proof-manifest aggregation,True,True,False,False,False,False,True,False,False,False,0.00012,,"proof-manifest-chain mode; child proofs are bound by hash, not verified in-guest (see the recursive rows for in-guest verification); reused existing SP1 provenance tamper_report.json"
tamper_aggregation_config_hash_t64,manifest_hash,training_aggregation_manifest_t64,zk_backend/test_vectors/training_aggregation_t64_case_0.json,change config hash,python_semantic_oracle,python_semantic_oracle,reject,rejected,rejected_as_expected,TamperRejected,config_hash mismatch,SP1 proof-manifest aggregation,True,True,False,False,False,False,True,False,False,False,0.000116,,"proof-manifest-chain mode; child proofs are bound by hash, not verified in-guest (see the recursive rows for in-guest verification); reused existing SP1 provenance tamper_report.json"
tamper_aggregation_dataset_root_t128,dataset_root,training_aggregation_manifest_t128,zk_backend/test_vectors/training_aggregation_t128_case_0.json,change aggregate dataset root,python_semantic_oracle,rust_execute,reject,rejected,rejected_as_expected,TamperRejected,dataset_root mismatch,SP1 proof-manifest aggregation,True,True,False,False,False,True,False,False,False,False,0.000114,,"proof-manifest-chain mode; child proofs are bound by hash, not verified in-guest (see the recursive rows for in-guest verification); reused existing SP1 provenance tamper_report.json"
tamper_aggregation_dataset_root_t32,dataset_root,training_aggregation_manifest_t32,zk_backend/test_vectors/training_aggregation_t32_case_0.json,change aggregate dataset root,python_semantic_oracle,rust_execute,reject,rejected,rejected_as_expected,TamperRejected,dataset_root mismatch,SP1 proof-manifest aggregation,True,True,False,False,False,True,False,False,False,False,0.000123,,"proof-manifest-chain mode; child proofs are bound by hash, not verified in-guest (see the recursive rows for in-guest verification); reused existing SP1 provenance tamper_report.json"
tamper_aggregation_dataset_root_t64,dataset_root,training_aggregation_manifest_t64,zk_backend/test_vectors/training_aggregation_t64_case_0.json,change aggregate dataset root,python_semantic_oracle,rust_execute,reject,rejected,rejected_as_expected,TamperRejected,dataset_root mismatch,SP1 proof-manifest aggregation,True,True,False,False,False,True,False,False,False,False,0.000136,,"proof-manifest-chain mode; child proofs are bound by hash, not verified in-guest (see the recursive rows for in-guest verification); reused existing SP1 provenance tamper_report.json"
tamper_aggregation_public_input_final_checkpoint_t128,proof_public_input,training_aggregation_manifest_t128,zk_backend/test_vectors/training_aggregation_t128_case_0.json,change public final checkpoint,public_input_binding,public_input_binding,reject,rejected,rejected_as_expected,TamperRejected,output_checkpoint_hash mismatch,SP1 proof-manifest aggregation,True,True,False,False,True,False,False,False,True,False,0.000113,,"proof-manifest-chain mode; child proofs are bound by hash, not verified in-guest (see the recursive rows for in-guest verification); reused existing SP1 provenance tamper_report.json"
tamper_aggregation_public_input_final_checkpoint_t32,proof_public_input,training_aggregation_manifest_t32,zk_backend/test_vectors/training_aggregation_t32_case_0.json,change public final checkpoint,public_input_binding,public_input_binding,reject,rejected,rejected_as_expected,TamperRejected,output_checkpoint_hash mismatch,SP1 proof-manifest aggregation,True,True,False,False,True,False,False,False,True,False,0.000116,,"proof-manifest-chain mode; child proofs are bound by hash, not verified in-guest (see the recursive rows for in-guest verification); reused existing SP1 provenance tamper_report.json"
tamper_aggregation_public_input_final_checkpoint_t64,proof_public_input,training_aggregation_manifest_t64,zk_backend/test_vectors/training_aggregation_t64_case_0.json,change public final checkpoint,public_input_binding,public_input_binding,reject,rejected,rejected_as_expected,TamperRejected,output_checkpoint_hash mismatch,SP1 proof-manifest aggregation,True,True,False,False,True,False,False,False,True,False,0.000116,,"proof-manifest-chain mode; child proofs are bound by hash, not verified in-guest (see the recursive rows for in-guest verification); reused existing SP1 provenance tamper_report.json"
tamper_aggregation_step_end_t128,minibatch_index,training_aggregation_manifest_t128,zk_backend/test_vectors/training_aggregation_t128_case_0.json,change aggregate step_end,python_semantic_oracle,python_semantic_oracle,reject,rejected,rejected_as_expected,TamperRejected,aggregate step span mismatch,SP1 proof-manifest aggregation,True,True,False,False,False,False,False,False,False,False,0.000118,,"proof-manifest-chain mode; child proofs are bound by hash, not verified in-guest (see the recursive rows for in-guest verification); reused existing SP1 provenance tamper_report.json"
tamper_aggregation_step_end_t32,minibatch_index,training_aggregation_manifest_t32,zk_backend/test_vectors/training_aggregation_t32_case_0.json,change aggregate step_end,python_semantic_oracle,python_semantic_oracle,reject,rejected,rejected_as_expected,TamperRejected,aggregate step span mismatch,SP1 proof-manifest aggregation,True,True,False,False,False,False,False,False,False,False,0.000121,,"proof-manifest-chain mode; child proofs are bound by hash, not verified in-guest (see the recursive rows for in-guest verification); reused existing SP1 provenance tamper_report.json"
tamper_aggregation_step_end_t64,minibatch_index,training_aggregation_manifest_t64,zk_backend/test_vectors/training_aggregation_t64_case_0.json,change aggregate step_end,python_semantic_oracle,python_semantic_oracle,reject,rejected,rejected_as_expected,TamperRejected,aggregate step span mismatch,SP1 proof-manifest aggregation,True,True,False,False,False,False,False,False,False,False,0.000131,,"proof-manifest-chain mode; child proofs are bound by hash, not verified in-guest (see the recursive rows for in-guest verification); reused existing SP1 provenance tamper_report.json"
tamper_aggregation_step_start_t128,minibatch_index,training_aggregation_manifest_t128,zk_backend/test_vectors/training_aggregation_t128_case_0.json,change aggregate step_start,python_semantic_oracle,python_semantic_oracle,reject,rejected,rejected_as_expected,TamperRejected,aggregate step span mismatch,SP1 proof-manifest aggregation,True,True,False,False,False,False,False,False,False,False,0.000114,,"proof-manifest-chain mode; child proofs are bound by hash, not verified in-guest (see the recursive rows for in-guest verification); reused existing SP1 provenance tamper_report.json"
tamper_aggregation_step_start_t32,minibatch_index,training_aggregation_manifest_t32,zk_backend/test_vectors/training_aggregation_t32_case_0.json,change aggregate step_start,python_semantic_oracle,python_semantic_oracle,reject,rejected,rejected_as_expected,TamperRejected,aggregate step span mismatch,SP1 proof-manifest aggregation,True,True,False,False,False,False,False,False,False,False,0.000116,,"proof-manifest-chain mode; child proofs are bound by hash, not verified in-guest (see the recursive rows for in-guest verification); reused existing SP1 provenance tamper_report.json"
tamper_aggregation_step_start_t64,minibatch_index,training_aggregation_manifest_t64,zk_backend/test_vectors/training_aggregation_t64_case_0.json,change aggregate step_start,python_semantic_oracle,python_semantic_oracle,reject,rejected,rejected_as_expected,TamperRejected,aggregate step span mismatch,SP1 proof-manifest aggregation,True,True,False,False,False,False,False,False,False,False,0.000115,,"proof-manifest-chain mode; child proofs are bound by hash, not verified in-guest (see the recursive rows for in-guest verification); reused existing SP1 provenance tamper_report.json"
tamper_aggregation_target_checkpoint_link_t128,target_network_sync,training_aggregation_manifest_t128,zk_backend/test_vectors/training_aggregation_t128_case_0.json,break target checkpoint link,python_semantic_oracle,rust_execute,reject,rejected,rejected_as_expected,TamperRejected,target checkpoint link mismatch,SP1 proof-manifest aggregation,True,True,False,False,False,False,False,False,False,True,0.000118,,"proof-manifest-chain mode; child proofs are bound by hash, not verified in-guest (see the recursive rows for in-guest verification); reused existing SP1 provenance tamper_report.json"
tamper_aggregation_target_checkpoint_link_t32,target_network_sync,training_aggregation_manifest_t32,zk_backend/test_vectors/training_aggregation_t32_case_0.json,break target checkpoint link,python_semantic_oracle,rust_execute,reject,rejected,rejected_as_expected,TamperRejected,target checkpoint link mismatch,SP1 proof-manifest aggregation,True,True,False,False,False,False,False,False,False,True,0.000125,,"proof-manifest-chain mode; child proofs are bound by hash, not verified in-guest (see the recursive rows for in-guest verification); reused existing SP1 provenance tamper_report.json"
tamper_aggregation_target_checkpoint_link_t64,target_network_sync,training_aggregation_manifest_t64,zk_backend/test_vectors/training_aggregation_t64_case_0.json,break target checkpoint link,python_semantic_oracle,rust_execute,reject,rejected,rejected_as_expected,TamperRejected,target checkpoint link mismatch,SP1 proof-manifest aggregation,True,True,False,False,False,False,False,False,False,True,0.00012,,"proof-manifest-chain mode; child proofs are bound by hash, not verified in-guest (see the recursive rows for in-guest verification); reused existing SP1 provenance tamper_report.json"
tamper_audit_report_hash,audit_report_hash,dataset_commitment,dataset_commitment,modify replay_audit_report.json after commitment,dataset_commitment_verify,dataset_commitment_verify,reject,rejected,rejected_as_expected,DatasetCommitmentError,audit_report_hash mismatch between replay_audit_report.json and dataset_manifest.json; audit_report_hash mismatch between replay_audit_report.json and merkle_tree.json,Python semantic oracle,False,,,,False,False,False,True,False,False,0.001629,,
tamper_collection_log_final_hash,collection_log_final_hash,dataset_commitment,dataset_commitment,modify collection_log.jsonl after commitment,dataset_commitment_verify,dataset_commitment_verify,reject,rejected,rejected_as_expected,DatasetCommitmentError,collection log invalid: current hash mismatch at row 0,Python semantic oracle,False,,,,False,False,False,False,False,False,0.001646,,
tamper_dataset_root,dataset_root,dataset_commitment,dataset_commitment,modify merkle_tree.json dataset_root,dataset_commitment_verify,dataset_commitment_verify,reject,rejected,rejected_as_expected,DatasetCommitmentError,dataset_root mismatch between rebuilt tree and merkle_tree.json,Python semantic oracle,False,,,,False,True,False,False,False,False,0.001702,,
tamper_done_before_commit,done,dataset_provenance,dataset_provenance,flip terminated flag before commitment,dataset_audit,dataset_audit,reject,rejected,rejected_as_expected,ValueError,ValueError: raw_trajectory_hash does not match raw_episodes.jsonl,Python semantic oracle,False,,,,False,False,False,False,False,False,0.001567,,
tamper_fragment_config_hash_k1,manifest_hash,training_fragment_k1,zk_backend/test_vectors/training_fragment_k1_case_0.json,change config/provenance hash,python_semantic_oracle,python_semantic_oracle,reject,rejected,rejected_as_expected,TamperRejected,provenance witness mismatch,SP1 training fragment,True,True,False,False,False,False,True,False,False,False,0.000133,,reused existing SP1 provenance tamper_report.json
tamper_fragment_config_hash_k4,manifest_hash,training_fragment_k4,zk_backend/test_vectors/training_fragment_k4_case_0.json,change config/provenance hash,python_semantic_oracle,python_semantic_oracle,reject,rejected,rejected_as_expected,TamperRejected,provenance witness mismatch,SP1 training fragment,True,True,False,False,False,False,True,False,False,False,0.000127,,reused existing SP1 provenance tamper_report.json
tamper_fragment_config_hash_k8,manifest_hash,training_fragment_k8,zk_backend/test_vectors/training_fragment_k8_case_0.json,change config/provenance hash,python_semantic_oracle,python_semantic_oracle,reject,rejected,rejected_as_expected,TamperRejected,provenance witness mismatch,SP1 training fragment,True,True,False,False,False,False,True,False,False,False,0.000132,,reused existing SP1 provenance tamper_report.json
tamper_fragment_final_checkpoint_hash_k1,checkpoint_hash,training_fragment_k1,zk_backend/test_vectors/training_fragment_k1_case_0.json,change final checkpoint hash,python_semantic_oracle,python_semantic_oracle,reject,rejected,rejected_as_expected,TamperRejected,final_checkpoint_hash mismatch,SP1 training fragment,True,True,False,False,False,False,False,False,True,False,0.00013,,reused existing SP1 provenance tamper_report.json
tamper_fragment_final_checkpoint_hash_k4,checkpoint_hash,training_fragment_k4,zk_backend/test_vectors/training_fragment_k4_case_0.json,change final checkpoint hash,python_semantic_oracle,python_semantic_oracle,reject,rejected,rejected_as_expected,TamperRejected,final_checkpoint_hash mismatch,SP1 training fragment,True,True,False,False,False,False,False,False,True,False,0.000135,,reused existing SP1 provenance tamper_report.json
tamper_fragment_final_checkpoint_hash_k8,checkpoint_hash,training_fragment_k8,zk_backend/test_vectors/training_fragment_k8_case_0.json,change final checkpoint hash,python_semantic_oracle,python_semantic_oracle,reject,rejected,rejected_as_expected,TamperRejected,final_checkpoint_hash mismatch,SP1 training fragment,True,True,False,False,False,False,False,False,True,False,0.000132,,reused existing SP1 provenance tamper_report.json
tamper_fragment_global_step_k1,minibatch_index,training_fragment_k1,zk_backend/test_vectors/training_fragment_k1_case_0.json,change sampler/global step basis,python_semantic_oracle,rust_execute,reject,rejected,rejected_as_expected,TamperRejected,deterministic sample index mismatch,SP1 training fragment,True,True,False,False,False,False,False,False,False,False,0.000127,,reused existing SP1 provenance tamper_report.json
tamper_fragment_global_step_k4,minibatch_index,training_fragment_k4,zk_backend/test_vectors/training_fragment_k4_case_0.json,change sampler/global step basis,python_semantic_oracle,rust_execute,reject,rejected,rejected_as_expected,TamperRejected,deterministic sample index mismatch,SP1 training fragment,True,True,False,False,False,False,False,False,False,False,0.00013,,reused existing SP1 provenance tamper_report.json
tamper_fragment_global_step_k8,minibatch_index,training_fragment_k8,zk_backend/test_vectors/training_fragment_k8_case_0.json,change sampler/global step basis,python_semantic_oracle,rust_execute,reject,rejected,rejected_as_expected,TamperRejected,deterministic sample index mismatch,SP1 training fragment,True,True,False,False,False,False,False,False,False,False,0.000126,,reused existing SP1 provenance tamper_report.json
tamper_fragment_gradient_k1,gradient,training_fragment_k1,zk_backend/test_vectors/training_fragment_k1_case_0.json,change gradient tensor,python_semantic_oracle,python_semantic_oracle,reject,rejected,rejected_as_expected,TamperRejected,intermediates mismatch,SP1 training fragment,True,True,False,False,False,False,False,False,False,False,0.000127,,reused existing SP1 provenance tamper_report.json
tamper_fragment_gradient_k4,gradient,training_fragment_k4,zk_backend/test_vectors/training_fragment_k4_case_0.json,change gradient tensor,python_semantic_oracle,python_semantic_oracle,reject,rejected,rejected_as_expected,TamperRejected,intermediates mismatch,SP1 training fragment,True,True,False,False,False,False,False,False,False,False,0.000128,,reused existing SP1 provenance tamper_report.json
tamper_fragment_gradient_k8,gradient,training_fragment_k8,zk_backend/test_vectors/training_fragment_k8_case_0.json,change gradient tensor,python_semantic_oracle,python_semantic_oracle,reject,rejected,rejected_as_expected,TamperRejected,intermediates mismatch,SP1 training fragment,True,True,False,False,False,False,False,False,False,False,0.00013,,reused existing SP1 provenance tamper_report.json
tamper_fragment_intermediate_checkpoint_hash_k1,checkpoint_hash,training_fragment_k1,zk_backend/test_vectors/training_fragment_k1_case_0.json,change intermediate checkpoint hash,python_semantic_oracle,rust_execute,reject,rejected,rejected_as_expected,TamperRejected,checkpoint_hash_after mismatch,SP1 training fragment,True,True,False,False,False,False,False,False,True,False,0.000126,,reused existing SP1 provenance tamper_report.json
tamper_fragment_intermediate_checkpoint_hash_k4,checkpoint_hash,training_fragment_k4,zk_backend/test_vectors/training_fragment_k4_case_0.json,change intermediate checkpoint hash,python_semantic_oracle,rust_execute,reject,rejected,rejected_as_expected,TamperRejected,checkpoint_hash_after mismatch,SP1 training fragment,True,True,False,False,False,False,False,False,True,False,0.000127,,reused existing SP1 provenance tamper_report.json
tamper_fragment_intermediate_checkpoint_hash_k8,checkpoint_hash,training_fragment_k8,zk_backend/test_vectors/training_fragment_k8_case_0.json,change intermediate checkpoint hash,python_semantic_oracle,rust_execute,reject,rejected,rejected_as_expected,TamperRejected,checkpoint_hash_after mismatch,SP1 training fragment,True,True,False,False,False,False,False,False,True,False,0.000128,,reused existing SP1 provenance tamper_report.json
tamper_fragment_merkle_path_k1,merkle_path,training_fragment_k1,zk_backend/test_vectors/training_fragment_k1_case_0.json,change step Merkle path,python_semantic_oracle,python_semantic_oracle,reject,rejected,rejected_as_expected,TamperRejected,dataset_root mismatch,SP1 training fragment,True,True,False,False,False,True,False,False,False,False,0.00013,,reused existing SP1 provenance tamper_report.json
tamper_fragment_merkle_path_k4,merkle_path,training_fragment_k4,zk_backend/test_vectors/training_fragment_k4_case_0.json,change step Merkle path,python_semantic_oracle,python_semantic_oracle,reject,rejected,rejected_as_expected,TamperRejected,dataset_root mismatch,SP1 training fragment,True,True,False,False,False,True,False,False,False,False,0.000125,,reused existing SP1 provenance tamper_report.json
tamper_fragment_merkle_path_k8,merkle_path,training_fragment_k8,zk_backend/test_vectors/training_fragment_k8_case_0.json,change step Merkle path,python_semantic_oracle,python_semantic_oracle,reject,rejected,rejected_as_expected,TamperRejected,dataset_root mismatch,SP1 training fragment,True,True,False,False,False,True,False,False,False,False,0.000135,,reused existing SP1 provenance tamper_report.json
tamper_fragment_minibatch_index_k1,minibatch_index,training_fragment_k1,zk_backend/test_vectors/training_fragment_k1_case_0.json,change deterministic minibatch index,python_semantic_oracle,rust_execute,reject,rejected,rejected_as_expected,TamperRejected,deterministic sample index mismatch,SP1 training fragment,True,True,False,False,False,False,False,False,False,False,0.00014,,reused existing SP1 provenance tamper_report.json
tamper_fragment_minibatch_index_k4,minibatch_index,training_fragment_k4,zk_backend/test_vectors/training_fragment_k4_case_0.json,change deterministic minibatch index,python_semantic_oracle,rust_execute,reject,rejected,rejected_as_expected,TamperRejected,deterministic sample index mismatch,SP1 training fragment,True,True,False,False,False,False,False,False,False,False,0.000129,,reused existing SP1 provenance tamper_report.json
tamper_fragment_minibatch_index_k8,minibatch_index,training_fragment_k8,zk_backend/test_vectors/training_fragment_k8_case_0.json,change deterministic minibatch index,python_semantic_oracle,rust_execute,reject,rejected,rejected_as_expected,TamperRejected,deterministic sample index mismatch,SP1 training fragment,True,True,False,False,False,False,False,False,False,False,0.000131,,reused existing SP1 provenance tamper_report.json
tamper_fragment_public_input_final_checkpoint_k1,proof_public_input,training_fragment_k1,zk_backend/test_vectors/training_fragment_k1_case_0.json,change public final checkpoint,public_input_binding,public_input_binding,reject,rejected,rejected_as_expected,TamperRejected,final_checkpoint_hash mismatch,SP1 training fragment,True,True,False,False,True,False,False,False,True,False,0.000128,,reused existing SP1 provenance tamper_report.json
tamper_fragment_public_input_final_checkpoint_k4,proof_public_input,training_fragment_k4,zk_backend/test_vectors/training_fragment_k4_case_0.json,change public final checkpoint,public_input_binding,public_input_binding,reject,rejected,rejected_as_expected,TamperRejected,final_checkpoint_hash mismatch,SP1 training fragment,True,True,False,False,True,False,False,False,True,False,0.000127,,reused existing SP1 provenance tamper_report.json
tamper_fragment_public_input_final_checkpoint_k8,proof_public_input,training_fragment_k8,zk_backend/test_vectors/training_fragment_k8_case_0.json,change public final checkpoint,public_input_binding,public_input_binding,reject,rejected,rejected_as_expected,TamperRejected,final_checkpoint_hash mismatch,SP1 training fragment,True,True,False,False,True,False,False,False,True,False,0.000127,,reused existing SP1 provenance tamper_report.json
tamper_fragment_step_action_k1,action,training_fragment_k1,zk_backend/test_vectors/training_fragment_k1_case_0.json,change step action,python_semantic_oracle,python_semantic_oracle,reject,rejected,rejected_as_expected,TamperRejected,leaf_hash mismatch,SP1 training fragment,True,True,False,False,False,False,False,False,False,False,0.000135,,reused existing SP1 provenance tamper_report.json
tamper_fragment_step_action_k4,action,training_fragment_k4,zk_backend/test_vectors/training_fragment_k4_case_0.json,change step action,python_semantic_oracle,python_semantic_oracle,reject,rejected,rejected_as_expected,TamperRejected,leaf_hash mismatch,SP1 training fragment,True,True,False,False,False,False,False,False,False,False,0.000127,,reused existing SP1 provenance tamper_report.json
tamper_fragment_step_action_k8,action,training_fragment_k8,zk_backend/test_vectors/training_fragment_k8_case_0.json,change step action,python_semantic_oracle,python_semantic_oracle,reject,rejected,rejected_as_expected,TamperRejected,leaf_hash mismatch,SP1 training fragment,True,True,False,False,False,False,False,False,False,False,0.000127,,reused existing SP1 provenance tamper_report.json
tamper_fragment_step_done_k1,done,training_fragment_k1,zk_backend/test_vectors/training_fragment_k1_case_0.json,flip step done flag,python_semantic_oracle,python_semantic_oracle,reject,rejected,rejected_as_expected,TamperRejected,leaf_hash mismatch,SP1 training fragment,True,True,False,False,False,False,False,False,False,False,0.00013,,reused existing SP1 provenance tamper_report.json
tamper_fragment_step_done_k4,done,training_fragment_k4,zk_backend/test_vectors/training_fragment_k4_case_0.json,flip step done flag,python_semantic_oracle,python_semantic_oracle,reject,rejected,rejected_as_expected,TamperRejected,leaf_hash mismatch,SP1 training fragment,True,True,False,False,False,False,False,False,False,False,0.000146,,reused existing SP1 provenance tamper_report.json
tamper_fragment_step_done_k8,done,training_fragment_k8,zk_backend/test_vectors/training_fragment_k8_case_0.json,flip step done flag,python_semantic_oracle,python_semantic_oracle,reject,rejected,rejected_as_expected,TamperRejected,leaf_hash mismatch,SP1 training fragment,True,True,False,False,False,False,False,False,False,False,0.000148,,reused existing SP1 provenance tamper_report.json
tamper_fragment_step_next_state_k1,next_state,training_fragment_k1,zk_backend/test_vectors/training_fragment_k1_case_0.json,change step next_state,python_semantic_oracle,python_semantic_oracle,reject,rejected,rejected_as_expected,TamperRejected,leaf_hash mismatch,SP1 training fragment,True,True,False,False,False,False,False,False,False,False,0.000132,,reused existing SP1 provenance tamper_report.json
tamper_fragment_step_next_state_k4,next_state,training_fragment_k4,zk_backend/test_vectors/training_fragment_k4_case_0.json,change step next_state,python_semantic_oracle,python_semantic_oracle,reject,rejected,rejected_as_expected,TamperRejected,leaf_hash mismatch,SP1 training fragment,True,True,False,False,False,False,False,False,False,False,0.000132,,reused existing SP1 provenance tamper_report.json
tamper_fragment_step_next_state_k8,next_state,training_fragment_k8,zk_backend/test_vectors/training_fragment_k8_case_0.json,change step next_state,python_semantic_oracle,python_semantic_oracle,reject,rejected,rejected_as_expected,TamperRejected,leaf_hash mismatch,SP1 training fragment,True,True,False,False,False,False,False,False,False,False,0.000131,,reused existing SP1 provenance tamper_report.json
tamper_fragment_step_order_k1,minibatch_index,training_fragment_k1,zk_backend/test_vectors/training_fragment_k1_case_0.json,swap/change step order,python_semantic_oracle,python_semantic_oracle,reject,rejected,rejected_as_expected,TamperRejected,step_id mismatch,SP1 training fragment,True,True,False,False,False,False,False,False,False,False,0.000128,,reused existing SP1 provenance tamper_report.json
tamper_fragment_step_order_k4,minibatch_index,training_fragment_k4,zk_backend/test_vectors/training_fragment_k4_case_0.json,swap/change step order,python_semantic_oracle,python_semantic_oracle,reject,rejected,rejected_as_expected,TamperRejected,step_id mismatch,SP1 training fragment,True,True,False,False,False,False,False,False,False,False,0.000127,,reused existing SP1 provenance tamper_report.json
tamper_fragment_step_order_k8,minibatch_index,training_fragment_k8,zk_backend/test_vectors/training_fragment_k8_case_0.json,swap/change step order,python_semantic_oracle,python_semantic_oracle,reject,rejected,rejected_as_expected,TamperRejected,step_id mismatch,SP1 training fragment,True,True,False,False,False,False,False,False,False,False,0.000127,,reused existing SP1 provenance tamper_report.json
tamper_fragment_step_reward_k1,reward,training_fragment_k1,zk_backend/test_vectors/training_fragment_k1_case_0.json,change step reward,python_semantic_oracle,python_semantic_oracle,reject,rejected,rejected_as_expected,TamperRejected,leaf_hash mismatch,SP1 training fragment,True,True,False,False,False,False,False,False,False,False,0.000139,,reused existing SP1 provenance tamper_report.json
tamper_fragment_step_reward_k4,reward,training_fragment_k4,zk_backend/test_vectors/training_fragment_k4_case_0.json,change step reward,python_semantic_oracle,python_semantic_oracle,reject,rejected,rejected_as_expected,TamperRejected,leaf_hash mismatch,SP1 training fragment,True,True,False,False,False,False,False,False,False,False,0.000129,,reused existing SP1 provenance tamper_report.json
tamper_fragment_step_reward_k8,reward,training_fragment_k8,zk_backend/test_vectors/training_fragment_k8_case_0.json,change step reward,python_semantic_oracle,python_semantic_oracle,reject,rejected,rejected_as_expected,TamperRejected,leaf_hash mismatch,SP1 training fragment,True,True,False,False,False,False,False,False,False,False,0.000129,,reused existing SP1 provenance tamper_report.json
tamper_fragment_target_network_sync_k1,target_network_sync,training_fragment_k1,zk_backend/test_vectors/training_fragment_k1_case_0.json,change target-network sync event,python_semantic_oracle,rust_execute,reject,rejected,rejected_as_expected,TamperRejected,intermediates mismatch,SP1 training fragment,True,True,False,False,False,False,False,False,False,True,0.000145,,reused existing SP1 provenance tamper_report.json
tamper_fragment_target_network_sync_k4,target_network_sync,training_fragment_k4,zk_backend/test_vectors/training_fragment_k4_case_0.json,change target-network sync event,python_semantic_oracle,rust_execute,reject,rejected,rejected_as_expected,TamperRejected,intermediates mismatch,SP1 training fragment,True,True,False,False,False,False,False,False,False,True,0.000149,,reused existing SP1 provenance tamper_report.json
tamper_fragment_target_network_sync_k8,target_network_sync,training_fragment_k8,zk_backend/test_vectors/training_fragment_k8_case_0.json,change target-network sync event,python_semantic_oracle,rust_execute,reject,rejected,rejected_as_expected,TamperRejected,intermediates mismatch,SP1 training fragment,True,True,False,False,False,False,False,False,False,True,0.000133,,reused existing SP1 provenance tamper_report.json
tamper_manifest_hash,manifest_hash,dataset_commitment,dataset_commitment,modify dataset_manifest.json after commitment,dataset_commitment_verify,dataset_commitment_verify,reject,rejected,rejected_as_expected,DatasetCommitmentError,manifest_hash mismatch for normalized dataset_manifest.json,Python semantic oracle,False,,,,False,False,True,False,False,False,0.001662,,
tamper_merkle_audit_report_hash_public_input_canonical,proof_public_input,merkle_membership,zk_backend/test_vectors/merkle_membership_case_0.json,change audit report hash public input,public_input_binding,public_input_binding,reject,rejected,rejected_as_expected,,,SP1 Merkle membership,True,True,False,False,True,True,False,True,False,False,9.3e-05,,reused existing SP1 provenance tamper_report.json
tamper_merkle_audit_report_hash_public_input_dataset_100k,proof_public_input,merkle_membership,zk_backend/test_vectors/merkle_membership_dataset_100k_case_0.json,change audit report hash public input,public_input_binding,public_input_binding,reject,rejected,rejected_as_expected,,,SP1 Merkle membership,True,True,False,False,True,True,False,True,False,False,0.000208,,public input binding checked by comparing mutated public inputs to original
tamper_merkle_audit_report_hash_public_input_dataset_10k,proof_public_input,merkle_membership,zk_backend/test_vectors/merkle_membership_dataset_10k_case_0.json,change audit report hash public input,public_input_binding,public_input_binding,reject,rejected,rejected_as_expected,,,SP1 Merkle membership,True,True,False,False,True,True,False,True,False,False,0.000228,,public input binding checked by comparing mutated public inputs to original
tamper_merkle_audit_report_hash_public_input_dataset_1k,proof_public_input,merkle_membership,zk_backend/test_vectors/merkle_membership_dataset_1k_case_0.json,change audit report hash public input,public_input_binding,public_input_binding,reject,rejected,rejected_as_expected,,,SP1 Merkle membership,True,True,False,False,True,True,False,True,False,False,0.000213,,public input binding checked by comparing mutated public inputs to original
tamper_merkle_dataset_size_public_input_canonical,proof_public_input,merkle_membership,zk_backend/test_vectors/merkle_membership_case_0.json,change size/index-bound public statement,public_input_binding,public_input_binding,reject,rejected,rejected_as_expected,TamperRejected,path_current_index_mismatch,SP1 Merkle membership,True,True,False,False,True,True,False,False,False,False,9.3e-05,,reused existing SP1 provenance tamper_report.json
tamper_merkle_dataset_size_public_input_dataset_100k,proof_public_input,merkle_membership,zk_backend/test_vectors/merkle_membership_dataset_100k_case_0.json,change size/index-bound public statement,public_input_binding,public_input_binding,reject,rejected,rejected_as_expected,TamperRejected,path_current_index_mismatch,SP1 Merkle membership,True,True,False,False,True,True,False,False,False,False,0.000204,,public input binding checked by comparing mutated public inputs to original
tamper_merkle_dataset_size_public_input_dataset_10k,proof_public_input,merkle_membership,zk_backend/test_vectors/merkle_membership_dataset_10k_case_0.json,change size/index-bound public statement,public_input_binding,public_input_binding,reject,rejected,rejected_as_expected,TamperRejected,path_current_index_mismatch,SP1 Merkle membership,True,True,False,False,True,True,False,False,False,False,0.000215,,public input binding checked by comparing mutated public inputs to original
tamper_merkle_dataset_size_public_input_dataset_1k,proof_public_input,merkle_membership,zk_backend/test_vectors/merkle_membership_dataset_1k_case_0.json,change size/index-bound public statement,public_input_binding,public_input_binding,reject,rejected,rejected_as_expected,TamperRejected,path_current_index_mismatch,SP1 Merkle membership,True,True,False,False,True,True,False,False,False,False,0.000231,,public input binding checked by comparing mutated public inputs to original
tamper_merkle_depth_canonical,merkle_path,merkle_membership,zk_backend/test_vectors/merkle_membership_case_0.json,alter path so depth/root recomputation fails,python_semantic_oracle,rust_execute,reject,rejected,rejected_as_expected,TamperRejected,dataset_root_mismatch,SP1 Merkle membership,True,True,False,False,False,True,False,False,False,False,9.8e-05,,reused existing SP1 provenance tamper_report.json
tamper_merkle_depth_dataset_100k,merkle_path,merkle_membership,zk_backend/test_vectors/merkle_membership_dataset_100k_case_0.json,alter path so depth/root recomputation fails,python_semantic_oracle,python_semantic_oracle,reject,rejected,rejected_as_expected,TamperRejected,dataset_root_mismatch,SP1 Merkle membership,True,True,False,False,False,True,False,False,False,False,0.000223,,
tamper_merkle_depth_dataset_10k,merkle_path,merkle_membership,zk_backend/test_vectors/merkle_membership_dataset_10k_case_0.json,alter path so depth/root recomputation fails,python_semantic_oracle,python_semantic_oracle,reject,rejected,rejected_as_expected,TamperRejected,dataset_root_mismatch,SP1 Merkle membership,True,True,False,False,False,True,False,False,False,False,0.000209,,
tamper_merkle_depth_dataset_1k,merkle_path,merkle_membership,zk_backend/test_vectors/merkle_membership_dataset_1k_case_0.json,alter path so depth/root recomputation fails,python_semantic_oracle,python_semantic_oracle,reject,rejected,rejected_as_expected,TamperRejected,dataset_root_mismatch,SP1 Merkle membership,True,True,False,False,False,True,False,False,False,False,0.000215,,
tamper_merkle_leaf,merkle_path,dataset_commitment,dataset_commitment,modify merkle_tree.json leaf_hashes,dataset_commitment_verify,dataset_commitment_verify,reject,rejected,rejected_as_expected,DatasetCommitmentError,leaf_hashes mismatch between raw transitions and merkle_tree.json,Python semantic oracle,False,,,,False,True,False,False,False,False,0.001709,,
tamper_merkle_leaf_hash_canonical,merkle_leaf,merkle_membership,zk_backend/test_vectors/merkle_membership_case_0.json,change public leaf hash,python_semantic_oracle,rust_execute,reject,rejected,rejected_as_expected,TamperRejected,canonical_transition_hash_mismatch,SP1 Merkle membership,True,True,False,False,False,True,False,False,False,False,9.4e-05,,reused existing SP1 provenance tamper_report.json
tamper_merkle_leaf_hash_dataset_100k,merkle_leaf,merkle_membership,zk_backend/test_vectors/merkle_membership_dataset_100k_case_0.json,change public leaf hash,python_semantic_oracle,python_semantic_oracle,reject,rejected,rejected_as_expected,TamperRejected,canonical_transition_hash_mismatch,SP1 Merkle membership,True,True,False,False,False,True,False,False,False,False,0.000202,,
tamper_merkle_leaf_hash_dataset_10k,merkle_leaf,merkle_membership,zk_backend/test_vectors/merkle_membership_dataset_10k_case_0.json,change public leaf hash,python_semantic_oracle,python_semantic_oracle,reject,rejected,rejected_as_expected,TamperRejected,canonical_transition_hash_mismatch,SP1 Merkle membership,True,True,False,False,False,True,False,False,False,False,0.000208,,
tamper_merkle_leaf_hash_dataset_1k,merkle_leaf,merkle_membership,zk_backend/test_vectors/merkle_membership_dataset_1k_case_0.json,change public leaf hash,python_semantic_oracle,python_semantic_oracle,reject,rejected,rejected_as_expected,TamperRejected,canonical_transition_hash_mismatch,SP1 Merkle membership,True,True,False,False,False,True,False,False,False,False,0.000218,,
tamper_merkle_leaf_index_canonical,minibatch_index,merkle_membership,zk_backend/test_vectors/merkle_membership_case_0.json,change leaf index,python_semantic_oracle,rust_execute,reject,rejected,rejected_as_expected,TamperRejected,path_current_index_mismatch,SP1 Merkle membership,True,True,False,False,False,True,False,False,False,False,9.7e-05,,reused existing SP1 provenance tamper_report.json
tamper_merkle_leaf_index_dataset_100k,minibatch_index,merkle_membership,zk_backend/test_vectors/merkle_membership_dataset_100k_case_0.json,change leaf index,python_semantic_oracle,python_semantic_oracle,reject,rejected,rejected_as_expected,TamperRejected,path_current_index_mismatch,SP1 Merkle membership,True,True,False,False,False,True,False,False,False,False,0.000205,,
tamper_merkle_leaf_index_dataset_10k,minibatch_index,merkle_membership,zk_backend/test_vectors/merkle_membership_dataset_10k_case_0.json,change leaf index,python_semantic_oracle,python_semantic_oracle,reject,rejected,rejected_as_expected,TamperRejected,path_current_index_mismatch,SP1 Merkle membership,True,True,False,False,False,True,False,False,False,False,0.000207,,
tamper_merkle_leaf_index_dataset_1k,minibatch_index,merkle_membership,zk_backend/test_vectors/merkle_membership_dataset_1k_case_0.json,change leaf index,python_semantic_oracle,python_semantic_oracle,reject,rejected,rejected_as_expected,TamperRejected,path_current_index_mismatch,SP1 Merkle membership,True,True,False,False,False,True,False,False,False,False,0.000237,,
tamper_merkle_manifest_hash_public_input_canonical,proof_public_input,merkle_membership,zk_backend/test_vectors/merkle_membership_case_0.json,change manifest hash public input,public_input_binding,public_input_binding,reject,rejected,rejected_as_expected,,,SP1 Merkle membership,True,True,False,False,True,True,True,False,False,False,9.4e-05,,reused existing SP1 provenance tamper_report.json
tamper_merkle_manifest_hash_public_input_dataset_100k,proof_public_input,merkle_membership,zk_backend/test_vectors/merkle_membership_dataset_100k_case_0.json,change manifest hash public input,public_input_binding,public_input_binding,reject,rejected,rejected_as_expected,,,SP1 Merkle membership,True,True,False,False,True,True,True,False,False,False,0.000208,,public input binding checked by comparing mutated public inputs to original
tamper_merkle_manifest_hash_public_input_dataset_10k,proof_public_input,merkle_membership,zk_backend/test_vectors/merkle_membership_dataset_10k_case_0.json,change manifest hash public input,public_input_binding,public_input_binding,reject,rejected,rejected_as_expected,,,SP1 Merkle membership,True,True,False,False,True,True,True,False,False,False,0.000207,,public input binding checked by comparing mutated public inputs to original
tamper_merkle_manifest_hash_public_input_dataset_1k,proof_public_input,merkle_membership,zk_backend/test_vectors/merkle_membership_dataset_1k_case_0.json,change manifest hash public input,public_input_binding,public_input_binding,reject,rejected,rejected_as_expected,,,SP1 Merkle membership,True,True,False,False,True,True,True,False,False,False,0.000213,,public input binding checked by comparing mutated public inputs to original
tamper_merkle_path_direction_canonical,merkle_path,merkle_membership,zk_backend/test_vectors/merkle_membership_case_0.json,make path direction/index inconsistent,python_semantic_oracle,rust_execute,reject,rejected,rejected_as_expected,TamperRejected,path_current_index_mismatch,SP1 Merkle membership,True,True,False,False,False,True,False,False,False,False,9.8e-05,,reused existing SP1 provenance tamper_report.json
tamper_merkle_path_direction_dataset_100k,merkle_path,merkle_membership,zk_backend/test_vectors/merkle_membership_dataset_100k_case_0.json,make path direction/index inconsistent,python_semantic_oracle,python_semantic_oracle,reject,rejected,rejected_as_expected,TamperRejected,path_current_index_mismatch,SP1 Merkle membership,True,True,False,False,False,True,False,False,False,False,0.000227,,
tamper_merkle_path_direction_dataset_10k,merkle_path,merkle_membership,zk_backend/test_vectors/merkle_membership_dataset_10k_case_0.json,make path direction/index inconsistent,python_semantic_oracle,python_semantic_oracle,reject,rejected,rejected_as_expected,TamperRejected,path_current_index_mismatch,SP1 Merkle membership,True,True,False,False,False,True,False,False,False,False,0.000212,,
tamper_merkle_path_direction_dataset_1k,merkle_path,merkle_membership,zk_backend/test_vectors/merkle_membership_dataset_1k_case_0.json,make path direction/index inconsistent,python_semantic_oracle,python_semantic_oracle,reject,rejected,rejected_as_expected,TamperRejected,path_current_index_mismatch,SP1 Merkle membership,True,True,False,False,False,True,False,False,False,False,0.000242,,
tamper_merkle_path_sibling_canonical,merkle_path,merkle_membership,zk_backend/test_vectors/merkle_membership_case_0.json,change Merkle path sibling hash,python_semantic_oracle,rust_execute,reject,rejected,rejected_as_expected,TamperRejected,dataset_root_mismatch,SP1 Merkle membership,True,True,False,False,False,True,False,False,False,False,0.000115,,reused existing SP1 provenance tamper_report.json
tamper_merkle_path_sibling_dataset_100k,merkle_path,merkle_membership,zk_backend/test_vectors/merkle_membership_dataset_100k_case_0.json,change Merkle path sibling hash,python_semantic_oracle,python_semantic_oracle,reject,rejected,rejected_as_expected,TamperRejected,dataset_root_mismatch,SP1 Merkle membership,True,True,False,False,False,True,False,False,False,False,0.000217,,
tamper_merkle_path_sibling_dataset_10k,merkle_path,merkle_membership,zk_backend/test_vectors/merkle_membership_dataset_10k_case_0.json,change Merkle path sibling hash,python_semantic_oracle,python_semantic_oracle,reject,rejected,rejected_as_expected,TamperRejected,dataset_root_mismatch,SP1 Merkle membership,True,True,False,False,False,True,False,False,False,False,0.000223,,
tamper_merkle_path_sibling_dataset_1k,merkle_path,merkle_membership,zk_backend/test_vectors/merkle_membership_dataset_1k_case_0.json,change Merkle path sibling hash,python_semantic_oracle,python_semantic_oracle,reject,rejected,rejected_as_expected,TamperRejected,dataset_root_mismatch,SP1 Merkle membership,True,True,False,False,False,True,False,False,False,False,0.001456,,
tamper_merkle_proof_public_input_canonical,proof_public_input,merkle_membership,zk_backend/test_vectors/merkle_membership_case_0.json,verify original proof against mutated public input,public_input_binding,public_input_binding,reject,rejected,rejected_as_expected,TamperRejected,dataset_root_mismatch,SP1 Merkle membership,True,True,False,False,True,True,False,False,False,False,9.3e-05,,reused existing SP1 provenance tamper_report.json
tamper_merkle_proof_public_input_dataset_100k,proof_public_input,merkle_membership,zk_backend/test_vectors/merkle_membership_dataset_100k_case_0.json,verify original proof against mutated public input,public_input_binding,public_input_binding,reject,rejected,rejected_as_expected,TamperRejected,dataset_root_mismatch,SP1 Merkle membership,True,True,False,False,True,True,False,False,False,False,0.000205,,public input binding checked by comparing mutated public inputs to original
tamper_merkle_proof_public_input_dataset_10k,proof_public_input,merkle_membership,zk_backend/test_vectors/merkle_membership_dataset_10k_case_0.json,verify original proof against mutated public input,public_input_binding,public_input_binding,reject,rejected,rejected_as_expected,TamperRejected,dataset_root_mismatch,SP1 Merkle membership,True,True,False,False,True,True,False,False,False,False,0.000217,,public input binding checked by comparing mutated public inputs to original
tamper_merkle_proof_public_input_dataset_1k,proof_public_input,merkle_membership,zk_backend/test_vectors/merkle_membership_dataset_1k_case_0.json,verify original proof against mutated public input,public_input_binding,public_input_binding,reject,rejected,rejected_as_expected,TamperRejected,dataset_root_mismatch,SP1 Merkle membership,True,True,False,False,True,True,False,False,False,False,0.000214,,public input binding checked by comparing mutated public inputs to original
tamper_merkle_root_canonical,dataset_root,merkle_membership,zk_backend/test_vectors/merkle_membership_case_0.json,change public dataset root,python_semantic_oracle,rust_execute,reject,rejected,rejected_as_expected,TamperRejected,dataset_root_mismatch,SP1 Merkle membership,True,True,False,False,False,True,False,False,False,False,9.3e-05,,reused existing SP1 provenance tamper_report.json
tamper_merkle_root_dataset_100k,dataset_root,merkle_membership,zk_backend/test_vectors/merkle_membership_dataset_100k_case_0.json,change public dataset root,python_semantic_oracle,python_semantic_oracle,reject,rejected,rejected_as_expected,TamperRejected,dataset_root_mismatch,SP1 Merkle membership,True,True,False,False,False,True,False,False,False,False,0.00021,,
tamper_merkle_root_dataset_10k,dataset_root,merkle_membership,zk_backend/test_vectors/merkle_membership_dataset_10k_case_0.json,change public dataset root,python_semantic_oracle,python_semantic_oracle,reject,rejected,rejected_as_expected,TamperRejected,dataset_root_mismatch,SP1 Merkle membership,True,True,False,False,False,True,False,False,False,False,0.000211,,
tamper_merkle_root_dataset_1k,dataset_root,merkle_membership,zk_backend/test_vectors/merkle_membership_dataset_1k_case_0.json,change public dataset root,python_semantic_oracle,python_semantic_oracle,reject,rejected,rejected_as_expected,TamperRejected,dataset_root_mismatch,SP1 Merkle membership,True,True,False,False,False,True,False,False,False,False,0.000216,,
tamper_next_state_before_commit,next_state,dataset_provenance,dataset_provenance,modify next_state before commitment,dataset_audit,dataset_audit,reject,rejected,rejected_as_expected,ValueError,ValueError: raw_trajectory_hash does not match raw_episodes.jsonl,Python semantic oracle,False,,,,False,False,False,False,False,False,0.001552,,
tamper_proof_bytes_if_available,proof_public_input,proof_artifact_policy,artifacts/reports/provenance/sp1/**/proof.bin,tamper retained proof bytes if policy kept them,sp1_verify,not_applicable,reject,not_applicable,not_applicable,,,SP1 verify,True,True,False,False,False,False,False,False,False,False,0.0,,proof binaries are intentionally not committed; proof/receipt binaries are deleted by artifact policy and are not committed
tamper_proof_public_input_forward_td_mlp,proof_public_input,forward_td_mlp,artifacts/reports/provenance/sp1/forward_td_mlp/public_inputs.json,mutate public input hash used to bind the original proof/receipt,public_input_binding,public_input_binding,reject,rejected,rejected_as_expected,PublicInputBindingMismatch,original_public_inputs_sha256=467e02733810f64fca7d67ea874130f9ab37ff0e6e2cfe0c2603e91689849d1b; mutated_public_inputs_sha256=481c6df06ec790ce3253fc85b94b1d5259af7797f9c2bda631c298b,SP1 public input binding,True,True,False,False,True,False,False,False,False,False,0.000159,,verification must use original public inputs; proof binary is not committed
tamper_proof_public_input_merkle,proof_public_input,merkle_membership,artifacts/reports/provenance/sp1/merkle_membership/public_inputs.json,mutate public input hash used to bind the original proof/receipt,public_input_binding,public_input_binding,reject,rejected,rejected_as_expected,PublicInputBindingMismatch,original_public_inputs_sha256=2fe68c559234b717eb046f92f5b03385ebccdbdae8dc5d8671019fdd77039928; mutated_public_inputs_sha256=046fab8dac3483856b70bbc577f37dceecd30c60f4452f32f55f241,SP1 public input binding,True,True,False,False,True,False,False,False,False,False,0.000151,,verification must use original public inputs; proof binary is not committed
tamper_proof_public_input_one_step_sgd,proof_public_input,one_step_sgd_tiny,artifacts/reports/provenance/sp1/one_step_sgd_tiny/public_inputs.json,mutate public input hash used to bind the original proof/receipt,public_input_binding,public_input_binding,reject,rejected,rejected_as_expected,PublicInputBindingMismatch,original_public_inputs_sha256=d976ce35d66a97db8ce6aadee137660106147408abe97d7b5c55b79766e47b38; mutated_public_inputs_sha256=4996df5cf3127ef097f1f83f7fe39ea3f6f00b723216de043ed5925,SP1 public input binding,True,True,False,False,True,False,False,False,False,False,0.000175,,verification must use original public inputs; proof binary is not committed
tamper_proof_public_input_td_mvp,proof_public_input,td_mvp,artifacts/reports/provenance/sp1/kaggle_sp1_validation_summary.json,mutate public input hash used to bind the original proof/receipt,public_input_binding,public_input_binding,reject,rejected,rejected_as_expected,PublicInputBindingMismatch,original_public_inputs_sha256=1759198ed4900ad1699091d8db9d386ef78b68d49a825251ea932b643a8badcb; mutated_public_inputs_sha256=6905b6f7aedc8aa7225037971102be919e3f52d4c825c226e12981e,SP1 public input binding,True,,False,False,True,False,False,False,False,False,0.001206,,verification must use original public inputs; proof binary is not committed
tamper_proof_public_input_training_aggregation_t32,proof_public_input,training_aggregation_manifest_t32,artifacts/reports/provenance/sp1/training_aggregation_t32/public_inputs.json,mutate public input hash used to bind the original proof/receipt,public_input_binding,public_input_binding,reject,rejected,rejected_as_expected,PublicInputBindingMismatch,original_public_inputs_sha256=c9e55222f871ed38546a5a5b2013eb56f270d3ecb486a1b9d361005102ffebe3; mutated_public_inputs_sha256=bad394ee299831fa66de1085f6c83030acea089ed4e5c97056c5917,SP1 public input binding,True,True,False,False,True,False,False,False,False,False,0.000204,,verification must use original public inputs; proof binary is not committed
tamper_proof_public_input_training_fragment_k8,proof_public_input,training_fragment_k8,artifacts/reports/provenance/sp1/training_fragment_k8/public_inputs.json,mutate public input hash used to bind the original proof/receipt,public_input_binding,public_input_binding,reject,rejected,rejected_as_expected,PublicInputBindingMismatch,original_public_inputs_sha256=9b171e6e0642ec050efcb288ed54e5edcad6b45bfc09007519555941232b0745; mutated_public_inputs_sha256=bb16a5c060023c55156f4bda497b6de61f8a9075bf5b070591a199a,SP1 public input binding,True,True,False,False,True,False,False,False,False,False,0.000186,,verification must use original public inputs; proof binary is not committed
tamper_proof_public_input_training_update,proof_public_input,training_update,artifacts/reports/provenance/sp1/training_update/public_inputs.json,mutate public input hash used to bind the original proof/receipt,public_input_binding,public_input_binding,reject,rejected,rejected_as_expected,PublicInputBindingMismatch,original_public_inputs_sha256=4b84374425a7c5577664a1cea2915513a160acb758355b88e1dad7a5bca54c8d; mutated_public_inputs_sha256=2a6765abfe19395d1fbbdb31cfcdb5f07a3d7c7da1c683378dce099,SP1 public input binding,True,True,False,False,True,False,False,False,False,False,0.000173,,verification must use original public inputs; proof binary is not committed
tamper_public_collection_log_final_hash_absent,collection_log_final_hash,public_dataset_commitment,public_dataset_commitment,public benchmark has no honest collection log field to tamper,not_applicable,not_applicable,reject,not_applicable,not_applicable,,,Python semantic oracle,False,,,,False,False,False,False,False,False,0.000742,,public benchmark imports are source-integrity-only and do not carry collection_log_final_hash
tamper_raw_after_commit,raw_trajectory_hash,dataset_commitment,dataset_commitment,modify committed raw transition,dataset_commitment_verify,dataset_commitment_verify,reject,rejected,rejected_as_expected,DatasetCommitmentError,raw_trajectory_hash mismatch between raw_episodes.jsonl and dataset_manifest.json; raw_trajectory_hash mismatch between raw_episodes.jsonl and merkle_tree.json; leaf_hashes mismatc,Python semantic oracle,False,,,,False,False,False,False,False,False,0.001707,,
tamper_raw_trajectory_hash,raw_trajectory_hash,dataset_commitment,dataset_commitment,modify raw_episodes.jsonl after commitment,dataset_commitment_verify,dataset_commitment_verify,reject,rejected,rejected_as_expected,DatasetCommitmentError,raw_trajectory_hash mismatch between raw_episodes.jsonl and dataset_manifest.json; raw_trajectory_hash mismatch between raw_episodes.jsonl and merkle_tree.json; leaf_hashes mismatc,Python semantic oracle,False,,,,False,False,False,False,False,False,0.001692,,
tamper_receipt_if_available,proof_public_input,proof_artifact_policy,artifacts/reports/provenance/sp1/**/*.receipt,tamper retained receipt if policy kept it,sp1_verify,not_applicable,reject,not_applicable,not_applicable,,,SP1 verify,True,True,False,False,False,False,False,False,False,False,0.0,,receipts are intentionally not committed; proof/receipt binaries are deleted by artifact policy and are not committed
tamper_recursive_child_config_hash_training_aggregation_binary_native_t16,manifest_hash,training_aggregation_binary_native_t16,artifacts/reports/provenance/sp1/training_aggregation_binary_native_t16/tamper_report.json,change child config hash,python_semantic_oracle,python_semantic_oracle,reject,rejected,rejected_as_expected,TamperRejected,config_hash mismatch,SP1 recursive aggregation,True,True,False,False,False,False,True,False,False,False,0.000148,,"child proofs verified inside the aggregate guest; T=16, binary_tree topology; requires a CUDA prover; reused existing SP1 provenance tamper_report.json"
tamper_recursive_child_config_hash_training_aggregation_groth16_t16,manifest_hash,training_aggregation_groth16_t16,artifacts/reports/provenance/sp1/training_aggregation_groth16_t16/tamper_report.json,change child config hash,python_semantic_oracle,python_semantic_oracle,reject,rejected,rejected_as_expected,TamperRejected,config_hash mismatch,SP1 recursive aggregation,True,True,False,False,False,False,True,False,False,False,0.000142,,"child proofs verified inside the aggregate guest; T=16, groth16_child topology; requires a CUDA prover; reused existing SP1 provenance tamper_report.json"
tamper_recursive_child_config_hash_training_aggregation_recursive_t16,manifest_hash,training_aggregation_recursive_t16,artifacts/reports/provenance/sp1/training_aggregation_recursive_t16/tamper_report.json,change child config hash,python_semantic_oracle,python_semantic_oracle,reject,rejected,rejected_as_expected,TamperRejected,config_hash mismatch,SP1 recursive aggregation,True,True,False,False,False,False,True,False,False,False,0.000134,,"child proofs verified inside the aggregate guest; T=16, flat topology; requires a CUDA prover; reused existing SP1 provenance tamper_report.json"
tamper_recursive_child_config_hash_training_aggregation_recursive_t32,manifest_hash,training_aggregation_recursive_t32,artifacts/reports/provenance/sp1/training_aggregation_recursive_t32/tamper_report.json,change child config hash,python_semantic_oracle,python_semantic_oracle,reject,rejected,rejected_as_expected,TamperRejected,config_hash mismatch,SP1 recursive aggregation,True,True,False,False,False,False,True,False,False,False,0.000136,,"child proofs verified inside the aggregate guest; T=32, flat topology; requires a CUDA prover; reused existing SP1 provenance tamper_report.json"
tamper_recursive_child_config_hash_training_aggregation_recursive_t64,manifest_hash,training_aggregation_recursive_t64,artifacts/reports/provenance/sp1/training_aggregation_recursive_t64/tamper_report.json,change child config hash,python_semantic_oracle,python_semantic_oracle,reject,rejected,rejected_as_expected,TamperRejected,config_hash mismatch,SP1 recursive aggregation,True,True,False,False,False,False,True,False,False,False,0.000158,,"child proofs verified inside the aggregate guest; T=64, flat topology; requires a CUDA prover; reused existing SP1 provenance tamper_report.json"
tamper_recursive_child_dataset_root_training_aggregation_binary_native_t16,dataset_root,training_aggregation_binary_native_t16,artifacts/reports/provenance/sp1/training_aggregation_binary_native_t16/tamper_report.json,change child dataset root,python_semantic_oracle,python_semantic_oracle,reject,rejected,rejected_as_expected,TamperRejected,dataset_root mismatch,SP1 recursive aggregation,True,True,False,False,False,True,False,False,False,False,0.000168,,"child proofs verified inside the aggregate guest; T=16, binary_tree topology; requires a CUDA prover; reused existing SP1 provenance tamper_report.json"
tamper_recursive_child_dataset_root_training_aggregation_groth16_t16,dataset_root,training_aggregation_groth16_t16,artifacts/reports/provenance/sp1/training_aggregation_groth16_t16/tamper_report.json,change child dataset root,python_semantic_oracle,python_semantic_oracle,reject,rejected,rejected_as_expected,TamperRejected,dataset_root mismatch,SP1 recursive aggregation,True,True,False,False,False,True,False,False,False,False,0.00014,,"child proofs verified inside the aggregate guest; T=16, groth16_child topology; requires a CUDA prover; reused existing SP1 provenance tamper_report.json"
tamper_recursive_child_dataset_root_training_aggregation_recursive_t16,dataset_root,training_aggregation_recursive_t16,artifacts/reports/provenance/sp1/training_aggregation_recursive_t16/tamper_report.json,change child dataset root,python_semantic_oracle,python_semantic_oracle,reject,rejected,rejected_as_expected,TamperRejected,dataset_root mismatch,SP1 recursive aggregation,True,True,False,False,False,True,False,False,False,False,0.000152,,"child proofs verified inside the aggregate guest; T=16, flat topology; requires a CUDA prover; reused existing SP1 provenance tamper_report.json"
tamper_recursive_child_dataset_root_training_aggregation_recursive_t32,dataset_root,training_aggregation_recursive_t32,artifacts/reports/provenance/sp1/training_aggregation_recursive_t32/tamper_report.json,change child dataset root,python_semantic_oracle,python_semantic_oracle,reject,rejected,rejected_as_expected,TamperRejected,dataset_root mismatch,SP1 recursive aggregation,True,True,False,False,False,True,False,False,False,False,0.000132,,"child proofs verified inside the aggregate guest; T=32, flat topology; requires a CUDA prover; reused existing SP1 provenance tamper_report.json"
tamper_recursive_child_dataset_root_training_aggregation_recursive_t64,dataset_root,training_aggregation_recursive_t64,artifacts/reports/provenance/sp1/training_aggregation_recursive_t64/tamper_report.json,change child dataset root,python_semantic_oracle,python_semantic_oracle,reject,rejected,rejected_as_expected,TamperRejected,dataset_root mismatch,SP1 recursive aggregation,True,True,False,False,False,True,False,False,False,False,0.000131,,"child proofs verified inside the aggregate guest; T=64, flat topology; requires a CUDA prover; reused existing SP1 provenance tamper_report.json"
tamper_recursive_child_input_checkpoint_training_aggregation_binary_native_t16,checkpoint_hash,training_aggregation_binary_native_t16,artifacts/reports/provenance/sp1/training_aggregation_binary_native_t16/tamper_report.json,change child input checkpoint hash,python_semantic_oracle,python_semantic_oracle,reject,rejected,rejected_as_expected,TamperRejected,tree_root_hash mismatch,SP1 recursive aggregation,True,True,False,False,False,False,False,False,True,False,0.000147,,"child proofs verified inside the aggregate guest; T=16, binary_tree topology; requires a CUDA prover; reused existing SP1 provenance tamper_report.json"
tamper_recursive_child_input_checkpoint_training_aggregation_groth16_t16,checkpoint_hash,training_aggregation_groth16_t16,artifacts/reports/provenance/sp1/training_aggregation_groth16_t16/tamper_report.json,change child input checkpoint hash,python_semantic_oracle,python_semantic_oracle,reject,rejected,rejected_as_expected,TamperRejected,input_checkpoint_hash mismatch,SP1 recursive aggregation,True,True,False,False,False,False,False,False,True,False,0.000141,,"child proofs verified inside the aggregate guest; T=16, groth16_child topology; requires a CUDA prover; reused existing SP1 provenance tamper_report.json"
tamper_recursive_child_input_checkpoint_training_aggregation_recursive_t16,checkpoint_hash,training_aggregation_recursive_t16,artifacts/reports/provenance/sp1/training_aggregation_recursive_t16/tamper_report.json,change child input checkpoint hash,python_semantic_oracle,python_semantic_oracle,reject,rejected,rejected_as_expected,TamperRejected,input_checkpoint_hash mismatch,SP1 recursive aggregation,True,True,False,False,False,False,False,False,True,False,0.000131,,"child proofs verified inside the aggregate guest; T=16, flat topology; requires a CUDA prover; reused existing SP1 provenance tamper_report.json"
tamper_recursive_child_input_checkpoint_training_aggregation_recursive_t32,checkpoint_hash,training_aggregation_recursive_t32,artifacts/reports/provenance/sp1/training_aggregation_recursive_t32/tamper_report.json,change child input checkpoint hash,python_semantic_oracle,python_semantic_oracle,reject,rejected,rejected_as_expected,TamperRejected,input_checkpoint_hash mismatch,SP1 recursive aggregation,True,True,False,False,False,False,False,False,True,False,0.000134,,"child proofs verified inside the aggregate guest; T=32, flat topology; requires a CUDA prover; reused existing SP1 provenance tamper_report.json"
tamper_recursive_child_input_checkpoint_training_aggregation_recursive_t64,checkpoint_hash,training_aggregation_recursive_t64,artifacts/reports/provenance/sp1/training_aggregation_recursive_t64/tamper_report.json,change child input checkpoint hash,python_semantic_oracle,python_semantic_oracle,reject,rejected,rejected_as_expected,TamperRejected,input_checkpoint_hash mismatch,SP1 recursive aggregation,True,True,False,False,False,False,False,False,True,False,0.000136,,"child proofs verified inside the aggregate guest; T=64, flat topology; requires a CUDA prover; reused existing SP1 provenance tamper_report.json"
tamper_recursive_child_output_checkpoint_training_aggregation_binary_native_t16,checkpoint_hash,training_aggregation_binary_native_t16,artifacts/reports/provenance/sp1/training_aggregation_binary_native_t16/tamper_report.json,change child output checkpoint hash,python_semantic_oracle,python_semantic_oracle,reject,rejected,rejected_as_expected,TamperRejected,tree_root_hash mismatch,SP1 recursive aggregation,True,True,False,False,False,False,False,False,True,False,0.000148,,"child proofs verified inside the aggregate guest; T=16, binary_tree topology; requires a CUDA prover; reused existing SP1 provenance tamper_report.json"
tamper_recursive_child_output_checkpoint_training_aggregation_groth16_t16,checkpoint_hash,training_aggregation_groth16_t16,artifacts/reports/provenance/sp1/training_aggregation_groth16_t16/tamper_report.json,change child output checkpoint hash,python_semantic_oracle,python_semantic_oracle,reject,rejected,rejected_as_expected,TamperRejected,checkpoint link mismatch,SP1 recursive aggregation,True,True,False,False,False,False,False,False,True,False,0.000141,,"child proofs verified inside the aggregate guest; T=16, groth16_child topology; requires a CUDA prover; reused existing SP1 provenance tamper_report.json"
tamper_recursive_child_output_checkpoint_training_aggregation_recursive_t16,checkpoint_hash,training_aggregation_recursive_t16,artifacts/reports/provenance/sp1/training_aggregation_recursive_t16/tamper_report.json,change child output checkpoint hash,python_semantic_oracle,python_semantic_oracle,reject,rejected,rejected_as_expected,TamperRejected,checkpoint link mismatch,SP1 recursive aggregation,True,True,False,False,False,False,False,False,True,False,0.000135,,"child proofs verified inside the aggregate guest; T=16, flat topology; requires a CUDA prover; reused existing SP1 provenance tamper_report.json"
tamper_recursive_child_output_checkpoint_training_aggregation_recursive_t32,checkpoint_hash,training_aggregation_recursive_t32,artifacts/reports/provenance/sp1/training_aggregation_recursive_t32/tamper_report.json,change child output checkpoint hash,python_semantic_oracle,python_semantic_oracle,reject,rejected,rejected_as_expected,TamperRejected,checkpoint link mismatch,SP1 recursive aggregation,True,True,False,False,False,False,False,False,True,False,0.000132,,"child proofs verified inside the aggregate guest; T=32, flat topology; requires a CUDA prover; reused existing SP1 provenance tamper_report.json"
tamper_recursive_child_output_checkpoint_training_aggregation_recursive_t64,checkpoint_hash,training_aggregation_recursive_t64,artifacts/reports/provenance/sp1/training_aggregation_recursive_t64/tamper_report.json,change child output checkpoint hash,python_semantic_oracle,python_semantic_oracle,reject,rejected,rejected_as_expected,TamperRejected,checkpoint link mismatch,SP1 recursive aggregation,True,True,False,False,False,False,False,False,True,False,0.000131,,"child proofs verified inside the aggregate guest; T=64, flat topology; requires a CUDA prover; reused existing SP1 provenance tamper_report.json"
tamper_recursive_child_proof_bytes_training_aggregation_binary_native_t16,proof_public_input,training_aggregation_binary_native_t16,artifacts/reports/provenance/sp1/training_aggregation_binary_native_t16/tamper_report.json,corrupt child proof bytes,public_input_binding,public_input_binding,reject,rejected,rejected_as_expected,TamperRejected,child proof hash mismatch,SP1 recursive aggregation,True,True,False,False,True,False,False,False,True,False,0.00016,,"child proofs verified inside the aggregate guest; T=16, binary_tree topology; requires a CUDA prover; reused existing SP1 provenance tamper_report.json"
tamper_recursive_child_proof_bytes_training_aggregation_groth16_t16,proof_public_input,training_aggregation_groth16_t16,artifacts/reports/provenance/sp1/training_aggregation_groth16_t16/tamper_report.json,corrupt child proof bytes,public_input_binding,public_input_binding,reject,rejected,rejected_as_expected,TamperRejected,child proof hash mismatch,SP1 recursive aggregation,True,True,False,False,True,False,False,False,True,False,0.000145,,"child proofs verified inside the aggregate guest; T=16, groth16_child topology; requires a CUDA prover; reused existing SP1 provenance tamper_report.json"
tamper_recursive_child_proof_bytes_training_aggregation_recursive_t16,proof_public_input,training_aggregation_recursive_t16,artifacts/reports/provenance/sp1/training_aggregation_recursive_t16/tamper_report.json,corrupt child proof bytes,public_input_binding,public_input_binding,reject,rejected,rejected_as_expected,TamperRejected,child proof hash mismatch,SP1 recursive aggregation,True,True,False,False,True,False,False,False,True,False,0.000147,,"child proofs verified inside the aggregate guest; T=16, flat topology; requires a CUDA prover; reused existing SP1 provenance tamper_report.json"
tamper_recursive_child_proof_bytes_training_aggregation_recursive_t32,proof_public_input,training_aggregation_recursive_t32,artifacts/reports/provenance/sp1/training_aggregation_recursive_t32/tamper_report.json,corrupt child proof bytes,public_input_binding,public_input_binding,reject,rejected,rejected_as_expected,TamperRejected,child proof hash mismatch,SP1 recursive aggregation,True,True,False,False,True,False,False,False,True,False,0.000132,,"child proofs verified inside the aggregate guest; T=32, flat topology; requires a CUDA prover; reused existing SP1 provenance tamper_report.json"
tamper_recursive_child_proof_bytes_training_aggregation_recursive_t64,proof_public_input,training_aggregation_recursive_t64,artifacts/reports/provenance/sp1/training_aggregation_recursive_t64/tamper_report.json,corrupt child proof bytes,public_input_binding,public_input_binding,reject,rejected,rejected_as_expected,TamperRejected,child proof hash mismatch,SP1 recursive aggregation,True,True,False,False,True,False,False,False,True,False,0.000134,,"child proofs verified inside the aggregate guest; T=64, flat topology; requires a CUDA prover; reused existing SP1 provenance tamper_report.json"
tamper_recursive_child_proof_order_training_aggregation_binary_native_t16,minibatch_index,training_aggregation_binary_native_t16,artifacts/reports/provenance/sp1/training_aggregation_binary_native_t16/tamper_report.json,reorder child proofs,python_semantic_oracle,rust_execute,reject,rejected,rejected_as_expected,TamperRejected,child proof order mismatch,SP1 recursive aggregation,True,True,False,False,False,False,False,False,False,False,0.000152,,"child proofs verified inside the aggregate guest; T=16, binary_tree topology; requires a CUDA prover; reused existing SP1 provenance tamper_report.json"
tamper_recursive_child_proof_order_training_aggregation_groth16_t16,minibatch_index,training_aggregation_groth16_t16,artifacts/reports/provenance/sp1/training_aggregation_groth16_t16/tamper_report.json,reorder child proofs,python_semantic_oracle,rust_execute,reject,rejected,rejected_as_expected,TamperRejected,child proof order mismatch,SP1 recursive aggregation,True,True,False,False,False,False,False,False,False,False,0.000137,,"child proofs verified inside the aggregate guest; T=16, groth16_child topology; requires a CUDA prover; reused existing SP1 provenance tamper_report.json"
tamper_recursive_child_proof_order_training_aggregation_recursive_t16,minibatch_index,training_aggregation_recursive_t16,artifacts/reports/provenance/sp1/training_aggregation_recursive_t16/tamper_report.json,reorder child proofs,python_semantic_oracle,rust_execute,reject,rejected,rejected_as_expected,TamperRejected,child proof order mismatch,SP1 recursive aggregation,True,True,False,False,False,False,False,False,False,False,0.000131,,"child proofs verified inside the aggregate guest; T=16, flat topology; requires a CUDA prover; reused existing SP1 provenance tamper_report.json"
tamper_recursive_child_proof_order_training_aggregation_recursive_t32,minibatch_index,training_aggregation_recursive_t32,artifacts/reports/provenance/sp1/training_aggregation_recursive_t32/tamper_report.json,reorder child proofs,python_semantic_oracle,rust_execute,reject,rejected,rejected_as_expected,TamperRejected,child proof order mismatch,SP1 recursive aggregation,True,True,False,False,False,False,False,False,False,False,0.000135,,"child proofs verified inside the aggregate guest; T=32, flat topology; requires a CUDA prover; reused existing SP1 provenance tamper_report.json"
tamper_recursive_child_proof_order_training_aggregation_recursive_t64,minibatch_index,training_aggregation_recursive_t64,artifacts/reports/provenance/sp1/training_aggregation_recursive_t64/tamper_report.json,reorder child proofs,python_semantic_oracle,rust_execute,reject,rejected,rejected_as_expected,TamperRejected,child proof order mismatch,SP1 recursive aggregation,True,True,False,False,False,False,False,False,False,False,0.000131,,"child proofs verified inside the aggregate guest; T=64, flat topology; requires a CUDA prover; reused existing SP1 provenance tamper_report.json"
tamper_recursive_child_public_values_training_aggregation_binary_native_t16,proof_public_input,training_aggregation_binary_native_t16,artifacts/reports/provenance/sp1/training_aggregation_binary_native_t16/tamper_report.json,corrupt child public values,public_input_binding,public_input_binding,reject,rejected,rejected_as_expected,TamperRejected,child public values hash mismatch,SP1 recursive aggregation,True,True,False,False,True,False,False,False,True,False,0.000163,,"child proofs verified inside the aggregate guest; T=16, binary_tree topology; requires a CUDA prover; reused existing SP1 provenance tamper_report.json"
tamper_recursive_child_public_values_training_aggregation_groth16_t16,proof_public_input,training_aggregation_groth16_t16,artifacts/reports/provenance/sp1/training_aggregation_groth16_t16/tamper_report.json,corrupt child public values,public_input_binding,public_input_binding,reject,rejected,rejected_as_expected,TamperRejected,child public values hash mismatch,SP1 recursive aggregation,True,True,False,False,True,False,False,False,True,False,0.000137,,"child proofs verified inside the aggregate guest; T=16, groth16_child topology; requires a CUDA prover; reused existing SP1 provenance tamper_report.json"
tamper_recursive_child_public_values_training_aggregation_recursive_t16,proof_public_input,training_aggregation_recursive_t16,artifacts/reports/provenance/sp1/training_aggregation_recursive_t16/tamper_report.json,corrupt child public values,public_input_binding,public_input_binding,reject,rejected,rejected_as_expected,TamperRejected,child public values hash mismatch,SP1 recursive aggregation,True,True,False,False,True,False,False,False,True,False,0.000132,,"child proofs verified inside the aggregate guest; T=16, flat topology; requires a CUDA prover; reused existing SP1 provenance tamper_report.json"
tamper_recursive_child_public_values_training_aggregation_recursive_t32,proof_public_input,training_aggregation_recursive_t32,artifacts/reports/provenance/sp1/training_aggregation_recursive_t32/tamper_report.json,corrupt child public values,public_input_binding,public_input_binding,reject,rejected,rejected_as_expected,TamperRejected,child public values hash mismatch,SP1 recursive aggregation,True,True,False,False,True,False,False,False,True,False,0.00014,,"child proofs verified inside the aggregate guest; T=32, flat topology; requires a CUDA prover; reused existing SP1 provenance tamper_report.json"
tamper_recursive_child_public_values_training_aggregation_recursive_t64,proof_public_input,training_aggregation_recursive_t64,artifacts/reports/provenance/sp1/training_aggregation_recursive_t64/tamper_report.json,corrupt child public values,public_input_binding,public_input_binding,reject,rejected,rejected_as_expected,TamperRejected,child public values hash mismatch,SP1 recursive aggregation,True,True,False,False,True,False,False,False,True,False,0.000134,,"child proofs verified inside the aggregate guest; T=64, flat topology; requires a CUDA prover; reused existing SP1 provenance tamper_report.json"
tamper_recursive_child_step_end_training_aggregation_binary_native_t16,minibatch_index,training_aggregation_binary_native_t16,artifacts/reports/provenance/sp1/training_aggregation_binary_native_t16/tamper_report.json,change child step_end,python_semantic_oracle,python_semantic_oracle,reject,rejected,rejected_as_expected,TamperRejected,tree_root_hash mismatch,SP1 recursive aggregation,True,True,False,False,False,False,False,False,False,False,0.000147,,"child proofs verified inside the aggregate guest; T=16, binary_tree topology; requires a CUDA prover; reused existing SP1 provenance tamper_report.json"
tamper_recursive_child_step_end_training_aggregation_groth16_t16,minibatch_index,training_aggregation_groth16_t16,artifacts/reports/provenance/sp1/training_aggregation_groth16_t16/tamper_report.json,change child step_end,python_semantic_oracle,python_semantic_oracle,reject,rejected,rejected_as_expected,TamperRejected,chunk step span mismatch,SP1 recursive aggregation,True,True,False,False,False,False,False,False,False,False,0.000137,,"child proofs verified inside the aggregate guest; T=16, groth16_child topology; requires a CUDA prover; reused existing SP1 provenance tamper_report.json"
tamper_recursive_child_step_end_training_aggregation_recursive_t16,minibatch_index,training_aggregation_recursive_t16,artifacts/reports/provenance/sp1/training_aggregation_recursive_t16/tamper_report.json,change child step_end,python_semantic_oracle,python_semantic_oracle,reject,rejected,rejected_as_expected,TamperRejected,chunk step span mismatch,SP1 recursive aggregation,True,True,False,False,False,False,False,False,False,False,0.000132,,"child proofs verified inside the aggregate guest; T=16, flat topology; requires a CUDA prover; reused existing SP1 provenance tamper_report.json"
tamper_recursive_child_step_end_training_aggregation_recursive_t32,minibatch_index,training_aggregation_recursive_t32,artifacts/reports/provenance/sp1/training_aggregation_recursive_t32/tamper_report.json,change child step_end,python_semantic_oracle,python_semantic_oracle,reject,rejected,rejected_as_expected,TamperRejected,chunk step span mismatch,SP1 recursive aggregation,True,True,False,False,False,False,False,False,False,False,0.000136,,"child proofs verified inside the aggregate guest; T=32, flat topology; requires a CUDA prover; reused existing SP1 provenance tamper_report.json"
tamper_recursive_child_step_end_training_aggregation_recursive_t64,minibatch_index,training_aggregation_recursive_t64,artifacts/reports/provenance/sp1/training_aggregation_recursive_t64/tamper_report.json,change child step_end,python_semantic_oracle,python_semantic_oracle,reject,rejected,rejected_as_expected,TamperRejected,chunk step span mismatch,SP1 recursive aggregation,True,True,False,False,False,False,False,False,False,False,0.000135,,"child proofs verified inside the aggregate guest; T=64, flat topology; requires a CUDA prover; reused existing SP1 provenance tamper_report.json"
tamper_recursive_child_step_start_training_aggregation_binary_native_t16,minibatch_index,training_aggregation_binary_native_t16,artifacts/reports/provenance/sp1/training_aggregation_binary_native_t16/tamper_report.json,change child step_start,python_semantic_oracle,python_semantic_oracle,reject,rejected,rejected_as_expected,TamperRejected,tree_root_hash mismatch,SP1 recursive aggregation,True,True,False,False,False,False,False,False,False,False,0.000152,,"child proofs verified inside the aggregate guest; T=16, binary_tree topology; requires a CUDA prover; reused existing SP1 provenance tamper_report.json"
tamper_recursive_child_step_start_training_aggregation_groth16_t16,minibatch_index,training_aggregation_groth16_t16,artifacts/reports/provenance/sp1/training_aggregation_groth16_t16/tamper_report.json,change child step_start,python_semantic_oracle,python_semantic_oracle,reject,rejected,rejected_as_expected,TamperRejected,chunk step span mismatch,SP1 recursive aggregation,True,True,False,False,False,False,False,False,False,False,0.000136,,"child proofs verified inside the aggregate guest; T=16, groth16_child topology; requires a CUDA prover; reused existing SP1 provenance tamper_report.json"
tamper_recursive_child_step_start_training_aggregation_recursive_t16,minibatch_index,training_aggregation_recursive_t16,artifacts/reports/provenance/sp1/training_aggregation_recursive_t16/tamper_report.json,change child step_start,python_semantic_oracle,python_semantic_oracle,reject,rejected,rejected_as_expected,TamperRejected,chunk step span mismatch,SP1 recursive aggregation,True,True,False,False,False,False,False,False,False,False,0.000135,,"child proofs verified inside the aggregate guest; T=16, flat topology; requires a CUDA prover; reused existing SP1 provenance tamper_report.json"
tamper_recursive_child_step_start_training_aggregation_recursive_t32,minibatch_index,training_aggregation_recursive_t32,artifacts/reports/provenance/sp1/training_aggregation_recursive_t32/tamper_report.json,change child step_start,python_semantic_oracle,python_semantic_oracle,reject,rejected,rejected_as_expected,TamperRejected,chunk step span mismatch,SP1 recursive aggregation,True,True,False,False,False,False,False,False,False,False,0.000132,,"child proofs verified inside the aggregate guest; T=32, flat topology; requires a CUDA prover; reused existing SP1 provenance tamper_report.json"
tamper_recursive_child_step_start_training_aggregation_recursive_t64,minibatch_index,training_aggregation_recursive_t64,artifacts/reports/provenance/sp1/training_aggregation_recursive_t64/tamper_report.json,change child step_start,python_semantic_oracle,python_semantic_oracle,reject,rejected,rejected_as_expected,TamperRejected,chunk step span mismatch,SP1 recursive aggregation,True,True,False,False,False,False,False,False,False,False,0.000133,,"child proofs verified inside the aggregate guest; T=64, flat topology; requires a CUDA prover; reused existing SP1 provenance tamper_report.json"
tamper_recursive_child_target_checkpoint_training_aggregation_binary_native_t16,target_network_sync,training_aggregation_binary_native_t16,artifacts/reports/provenance/sp1/training_aggregation_binary_native_t16/tamper_report.json,change child target checkpoint hash,python_semantic_oracle,python_semantic_oracle,reject,rejected,rejected_as_expected,TamperRejected,tree_root_hash mismatch,SP1 recursive aggregation,True,True,False,False,False,False,False,False,False,True,0.000151,,"child proofs verified inside the aggregate guest; T=16, binary_tree topology; requires a CUDA prover; reused existing SP1 provenance tamper_report.json"
tamper_recursive_child_target_checkpoint_training_aggregation_groth16_t16,target_network_sync,training_aggregation_groth16_t16,artifacts/reports/provenance/sp1/training_aggregation_groth16_t16/tamper_report.json,change child target checkpoint hash,python_semantic_oracle,python_semantic_oracle,reject,rejected,rejected_as_expected,TamperRejected,target checkpoint link mismatch,SP1 recursive aggregation,True,True,False,False,False,False,False,False,False,True,0.000154,,"child proofs verified inside the aggregate guest; T=16, groth16_child topology; requires a CUDA prover; reused existing SP1 provenance tamper_report.json"
tamper_recursive_child_target_checkpoint_training_aggregation_recursive_t16,target_network_sync,training_aggregation_recursive_t16,artifacts/reports/provenance/sp1/training_aggregation_recursive_t16/tamper_report.json,change child target checkpoint hash,python_semantic_oracle,python_semantic_oracle,reject,rejected,rejected_as_expected,TamperRejected,target checkpoint link mismatch,SP1 recursive aggregation,True,True,False,False,False,False,False,False,False,True,0.000132,,"child proofs verified inside the aggregate guest; T=16, flat topology; requires a CUDA prover; reused existing SP1 provenance tamper_report.json"
tamper_recursive_child_target_checkpoint_training_aggregation_recursive_t32,target_network_sync,training_aggregation_recursive_t32,artifacts/reports/provenance/sp1/training_aggregation_recursive_t32/tamper_report.json,change child target checkpoint hash,python_semantic_oracle,python_semantic_oracle,reject,rejected,rejected_as_expected,TamperRejected,target checkpoint link mismatch,SP1 recursive aggregation,True,True,False,False,False,False,False,False,False,True,0.000135,,"child proofs verified inside the aggregate guest; T=32, flat topology; requires a CUDA prover; reused existing SP1 provenance tamper_report.json"
tamper_recursive_child_target_checkpoint_training_aggregation_recursive_t64,target_network_sync,training_aggregation_recursive_t64,artifacts/reports/provenance/sp1/training_aggregation_recursive_t64/tamper_report.json,change child target checkpoint hash,python_semantic_oracle,python_semantic_oracle,reject,rejected,rejected_as_expected,TamperRejected,target checkpoint link mismatch,SP1 recursive aggregation,True,True,False,False,False,False,False,False,False,True,0.000131,,"child proofs verified inside the aggregate guest; T=64, flat topology; requires a CUDA prover; reused existing SP1 provenance tamper_report.json"
tamper_recursive_child_vkey_hash_training_aggregation_binary_native_t16,proof_public_input,training_aggregation_binary_native_t16,artifacts/reports/provenance/sp1/training_aggregation_binary_native_t16/tamper_report.json,substitute an unexpected child verifying key,public_input_binding,public_input_binding,reject,rejected,rejected_as_expected,TamperRejected,unexpected child verification key,SP1 recursive aggregation,True,True,False,False,True,False,False,False,True,False,0.000147,,"child proofs verified inside the aggregate guest; T=16, binary_tree topology; requires a CUDA prover; reused existing SP1 provenance tamper_report.json"
tamper_recursive_child_vkey_hash_training_aggregation_groth16_t16,proof_public_input,training_aggregation_groth16_t16,artifacts/reports/provenance/sp1/training_aggregation_groth16_t16/tamper_report.json,substitute an unexpected child verifying key,public_input_binding,public_input_binding,reject,rejected,rejected_as_expected,TamperRejected,unexpected child verification key,SP1 recursive aggregation,True,True,False,False,True,False,False,False,True,False,0.000137,,"child proofs verified inside the aggregate guest; T=16, groth16_child topology; requires a CUDA prover; reused existing SP1 provenance tamper_report.json"
tamper_recursive_child_vkey_hash_training_aggregation_recursive_t16,proof_public_input,training_aggregation_recursive_t16,artifacts/reports/provenance/sp1/training_aggregation_recursive_t16/tamper_report.json,substitute an unexpected child verifying key,public_input_binding,public_input_binding,reject,rejected,rejected_as_expected,TamperRejected,unexpected child verification key,SP1 recursive aggregation,True,True,False,False,True,False,False,False,True,False,0.000134,,"child proofs verified inside the aggregate guest; T=16, flat topology; requires a CUDA prover; reused existing SP1 provenance tamper_report.json"
tamper_recursive_child_vkey_hash_training_aggregation_recursive_t32,proof_public_input,training_aggregation_recursive_t32,artifacts/reports/provenance/sp1/training_aggregation_recursive_t32/tamper_report.json,substitute an unexpected child verifying key,public_input_binding,public_input_binding,reject,rejected,rejected_as_expected,TamperRejected,unexpected child verification key,SP1 recursive aggregation,True,True,False,False,True,False,False,False,True,False,0.000131,,"child proofs verified inside the aggregate guest; T=32, flat topology; requires a CUDA prover; reused existing SP1 provenance tamper_report.json"
tamper_recursive_child_vkey_hash_training_aggregation_recursive_t64,proof_public_input,training_aggregation_recursive_t64,artifacts/reports/provenance/sp1/training_aggregation_recursive_t64/tamper_report.json,substitute an unexpected child verifying key,public_input_binding,public_input_binding,reject,rejected,rejected_as_expected,TamperRejected,unexpected child verification key,SP1 recursive aggregation,True,True,False,False,True,False,False,False,True,False,0.00013,,"child proofs verified inside the aggregate guest; T=64, flat topology; requires a CUDA prover; reused existing SP1 provenance tamper_report.json"
tamper_recursive_valid_child_wrong_position_training_aggregation_binary_native_t16,minibatch_index,training_aggregation_binary_native_t16,artifacts/reports/provenance/sp1/training_aggregation_binary_native_t16/tamper_report.json,move a valid child proof to the wrong position,python_semantic_oracle,rust_execute,reject,rejected,rejected_as_expected,TamperRejected,child proof order mismatch,SP1 recursive aggregation,True,True,False,False,False,False,False,False,False,False,0.000148,,"child proofs verified inside the aggregate guest; T=16, binary_tree topology; requires a CUDA prover; reused existing SP1 provenance tamper_report.json"
tamper_recursive_valid_child_wrong_position_training_aggregation_groth16_t16,minibatch_index,training_aggregation_groth16_t16,artifacts/reports/provenance/sp1/training_aggregation_groth16_t16/tamper_report.json,move a valid child proof to the wrong position,python_semantic_oracle,rust_execute,reject,rejected,rejected_as_expected,TamperRejected,child proof order mismatch,SP1 recursive aggregation,True,True,False,False,False,False,False,False,False,False,0.000158,,"child proofs verified inside the aggregate guest; T=16, groth16_child topology; requires a CUDA prover; reused existing SP1 provenance tamper_report.json"
tamper_recursive_valid_child_wrong_position_training_aggregation_recursive_t16,minibatch_index,training_aggregation_recursive_t16,artifacts/reports/provenance/sp1/training_aggregation_recursive_t16/tamper_report.json,move a valid child proof to the wrong position,python_semantic_oracle,rust_execute,reject,rejected,rejected_as_expected,TamperRejected,child proof order mismatch,SP1 recursive aggregation,True,True,False,False,False,False,False,False,False,False,0.000131,,"child proofs verified inside the aggregate guest; T=16, flat topology; requires a CUDA prover; reused existing SP1 provenance tamper_report.json"
tamper_recursive_valid_child_wrong_position_training_aggregation_recursive_t32,minibatch_index,training_aggregation_recursive_t32,artifacts/reports/provenance/sp1/training_aggregation_recursive_t32/tamper_report.json,move a valid child proof to the wrong position,python_semantic_oracle,rust_execute,reject,rejected,rejected_as_expected,TamperRejected,child proof order mismatch,SP1 recursive aggregation,True,True,False,False,False,False,False,False,False,False,0.000131,,"child proofs verified inside the aggregate guest; T=32, flat topology; requires a CUDA prover; reused existing SP1 provenance tamper_report.json"
tamper_recursive_valid_child_wrong_position_training_aggregation_recursive_t64,minibatch_index,training_aggregation_recursive_t64,artifacts/reports/provenance/sp1/training_aggregation_recursive_t64/tamper_report.json,move a valid child proof to the wrong position,python_semantic_oracle,rust_execute,reject,rejected,rejected_as_expected,TamperRejected,child proof order mismatch,SP1 recursive aggregation,True,True,False,False,False,False,False,False,False,False,0.00013,,"child proofs verified inside the aggregate guest; T=64, flat topology; requires a CUDA prover; reused existing SP1 provenance tamper_report.json"
tamper_recursive_valid_children_broken_chain_training_aggregation_binary_native_t16,checkpoint_hash,training_aggregation_binary_native_t16,artifacts/reports/provenance/sp1/training_aggregation_binary_native_t16/tamper_report.json,keep every child proof valid but break the checkpoint chain,python_semantic_oracle,rust_execute,reject,rejected,rejected_as_expected,TamperRejected,tree_root_hash mismatch,SP1 recursive aggregation,True,True,False,False,False,False,False,False,True,False,0.000167,,"child proofs verified inside the aggregate guest; T=16, binary_tree topology; requires a CUDA prover; reused existing SP1 provenance tamper_report.json"
tamper_recursive_valid_children_broken_chain_training_aggregation_groth16_t16,checkpoint_hash,training_aggregation_groth16_t16,artifacts/reports/provenance/sp1/training_aggregation_groth16_t16/tamper_report.json,keep every child proof valid but break the checkpoint chain,python_semantic_oracle,rust_execute,reject,rejected,rejected_as_expected,TamperRejected,checkpoint link mismatch,SP1 recursive aggregation,True,True,False,False,False,False,False,False,True,False,0.000143,,"child proofs verified inside the aggregate guest; T=16, groth16_child topology; requires a CUDA prover; reused existing SP1 provenance tamper_report.json"
tamper_recursive_valid_children_broken_chain_training_aggregation_recursive_t16,checkpoint_hash,training_aggregation_recursive_t16,artifacts/reports/provenance/sp1/training_aggregation_recursive_t16/tamper_report.json,keep every child proof valid but break the checkpoint chain,python_semantic_oracle,rust_execute,reject,rejected,rejected_as_expected,TamperRejected,checkpoint link mismatch,SP1 recursive aggregation,True,True,False,False,False,False,False,False,True,False,0.000155,,"child proofs verified inside the aggregate guest; T=16, flat topology; requires a CUDA prover; reused existing SP1 provenance tamper_report.json"
tamper_recursive_valid_children_broken_chain_training_aggregation_recursive_t32,checkpoint_hash,training_aggregation_recursive_t32,artifacts/reports/provenance/sp1/training_aggregation_recursive_t32/tamper_report.json,keep every child proof valid but break the checkpoint chain,python_semantic_oracle,rust_execute,reject,rejected,rejected_as_expected,TamperRejected,checkpoint link mismatch,SP1 recursive aggregation,True,True,False,False,False,False,False,False,True,False,0.000155,,"child proofs verified inside the aggregate guest; T=32, flat topology; requires a CUDA prover; reused existing SP1 provenance tamper_report.json"
tamper_recursive_valid_children_broken_chain_training_aggregation_recursive_t64,checkpoint_hash,training_aggregation_recursive_t64,artifacts/reports/provenance/sp1/training_aggregation_recursive_t64/tamper_report.json,keep every child proof valid but break the checkpoint chain,python_semantic_oracle,rust_execute,reject,rejected,rejected_as_expected,TamperRejected,checkpoint link mismatch,SP1 recursive aggregation,True,True,False,False,False,False,False,False,True,False,0.000153,,"child proofs verified inside the aggregate guest; T=64, flat topology; requires a CUDA prover; reused existing SP1 provenance tamper_report.json"
tamper_reward_before_commit,reward,dataset_provenance,dataset_provenance,increase reward before commitment,dataset_audit,dataset_audit,reject,rejected,rejected_as_expected,ValueError,ValueError: raw_trajectory_hash does not match raw_episodes.jsonl,Python semantic oracle,False,,,,False,False,False,False,False,False,0.001576,,
tamper_training_update_action,action,training_update,zk_backend/test_vectors/training_update_case_0.json,change transition action,python_semantic_oracle,python_semantic_oracle,reject,rejected,rejected_as_expected,TamperRejected,leaf_hash mismatch,SP1 training update,True,True,False,False,False,False,False,False,False,False,0.000121,,reused existing SP1 provenance tamper_report.json
tamper_training_update_checkpoint_hash_t,checkpoint_hash,training_update,zk_backend/test_vectors/training_update_case_0.json,change input checkpoint hash,python_semantic_oracle,python_semantic_oracle,reject,rejected,rejected_as_expected,TamperRejected,checkpoint_hash_t mismatch,SP1 training update,True,True,False,False,False,False,False,False,True,False,0.000116,,reused existing SP1 provenance tamper_report.json
tamper_training_update_checkpoint_hash_t_plus_1,checkpoint_hash,training_update,zk_backend/test_vectors/training_update_case_0.json,change output checkpoint hash,python_semantic_oracle,rust_execute,reject,rejected,rejected_as_expected,checkpoint_hash_t_plus_1 mismatch,checkpoint_hash_t_plus_1 mismatch: '0f787ece7043b5e8de537df4ba84ea068b541bf655507c9f316215aac0b45c07' != 'af787ece7043b5e8de537df4ba84ea068b541bf655507c9f316215aac0b45c07',SP1 training update,True,True,False,False,False,False,False,False,True,False,0.000124,,reused existing SP1 provenance tamper_report.json
tamper_training_update_config_hash,manifest_hash,training_update,zk_backend/test_vectors/training_update_case_0.json,change manifest/config hash,python_semantic_oracle,python_semantic_oracle,reject,rejected,rejected_as_expected,TamperRejected,provenance witness mismatch,SP1 training update,True,True,False,False,False,False,True,False,False,False,0.000116,,reused existing SP1 provenance tamper_report.json
tamper_training_update_dataset_root,dataset_root,training_update,zk_backend/test_vectors/training_update_case_0.json,change dataset root,python_semantic_oracle,python_semantic_oracle,reject,rejected,rejected_as_expected,TamperRejected,dataset_root mismatch,SP1 training update,True,True,False,False,False,True,False,False,False,False,0.00012,,reused existing SP1 provenance tamper_report.json
tamper_training_update_done,done,training_update,zk_backend/test_vectors/training_update_case_0.json,flip done flag,python_semantic_oracle,python_semantic_oracle,reject,rejected,rejected_as_expected,TamperRejected,leaf_hash mismatch,SP1 training update,True,True,False,False,False,False,False,False,False,False,0.000118,,reused existing SP1 provenance tamper_report.json
tamper_training_update_gradient,gradient,training_update,zk_backend/test_vectors/training_update_case_0.json,change gradient tensor,python_semantic_oracle,rust_execute,reject,rejected,rejected_as_expected,TamperRejected,intermediates mismatch,SP1 training update,True,True,False,False,False,False,False,False,False,False,0.00012,,reused existing SP1 provenance tamper_report.json
tamper_training_update_loss,td_target,training_update,zk_backend/test_vectors/training_update_case_0.json,change claimed loss,python_semantic_oracle,python_semantic_oracle,reject,rejected,rejected_as_expected,claimed_loss mismatch,claimed_loss mismatch: 44 != 43,SP1 training update,True,True,False,False,False,False,False,False,False,False,0.000116,,reused existing SP1 provenance tamper_report.json
tamper_training_update_merkle_path,merkle_path,training_update,zk_backend/test_vectors/training_update_case_0.json,change Merkle path,python_semantic_oracle,python_semantic_oracle,reject,rejected,rejected_as_expected,TamperRejected,dataset_root mismatch,SP1 training update,True,True,False,False,False,True,False,False,False,False,0.000116,,reused existing SP1 provenance tamper_report.json
tamper_training_update_minibatch_index,minibatch_index,training_update,zk_backend/test_vectors/training_update_case_0.json,change minibatch/leaf index,python_semantic_oracle,python_semantic_oracle,reject,rejected,rejected_as_expected,TamperRejected,single-leaf Merkle path requires leaf_index 0,SP1 training update,True,True,False,False,False,False,False,False,False,False,0.000134,,reused existing SP1 provenance tamper_report.json
tamper_training_update_next_state,next_state,training_update,zk_backend/test_vectors/training_update_case_0.json,change transition next_state,python_semantic_oracle,python_semantic_oracle,reject,rejected,rejected_as_expected,TamperRejected,leaf_hash mismatch,SP1 training update,True,True,False,False,False,False,False,False,False,False,0.000124,,reused existing SP1 provenance tamper_report.json
tamper_training_update_public_input_checkpoint,proof_public_input,training_update,zk_backend/test_vectors/training_update_case_0.json,verify original proof against mutated checkpoint public input,public_input_binding,public_input_binding,reject,rejected,rejected_as_expected,checkpoint_hash_t_plus_1 mismatch,checkpoint_hash_t_plus_1 mismatch: '0f787ece7043b5e8de537df4ba84ea068b541bf655507c9f316215aac0b45c07' != 'af787ece7043b5e8de537df4ba84ea068b541bf655507c9f316215aac0b45c07',SP1 training update,True,True,False,False,True,False,False,False,True,False,0.000116,,reused existing SP1 provenance tamper_report.json
tamper_training_update_q_online,q_value,training_update,zk_backend/test_vectors/training_update_case_0.json,change claimed online Q,python_semantic_oracle,python_semantic_oracle,reject,rejected,rejected_as_expected,claimed_q_online_action mismatch,claimed_q_online_action mismatch: -23 != -24,SP1 training update,True,True,False,False,False,False,False,False,False,False,0.000119,,reused existing SP1 provenance tamper_report.json
tamper_training_update_q_target,q_value,training_update,zk_backend/test_vectors/training_update_case_0.json,change claimed target Q,python_semantic_oracle,python_semantic_oracle,reject,rejected,rejected_as_expected,claimed_q_target_next mismatch,claimed_q_target_next mismatch: 22 != 21,SP1 training update,True,True,False,False,False,False,False,False,False,False,0.000124,,reused existing SP1 provenance tamper_report.json
tamper_training_update_reward,reward,training_update,zk_backend/test_vectors/training_update_case_0.json,change transition reward,python_semantic_oracle,python_semantic_oracle,reject,rejected,rejected_as_expected,TamperRejected,leaf_hash mismatch,SP1 training update,True,True,False,False,False,False,False,False,False,False,0.000184,,reused existing SP1 provenance tamper_report.json
tamper_training_update_td_target,td_target,training_update,zk_backend/test_vectors/training_update_case_0.json,change claimed TD target,python_semantic_oracle,python_semantic_oracle,reject,rejected,rejected_as_expected,claimed_td_target mismatch,claimed_td_target mismatch: 271 != 270,SP1 training update,True,True,False,False,False,False,False,False,False,False,0.000118,,reused existing SP1 provenance tamper_report.json
tamper_training_update_weight_update,gradient,training_update,zk_backend/test_vectors/training_update_case_0.json,change update hash,python_semantic_oracle,python_semantic_oracle,reject,rejected,rejected_as_expected,claimed_update_hash mismatch,claimed_update_hash mismatch: '0e114369e488239478d170f8cf63ecc1f462a950db9ebb538fdf284a86008c8e' != '3e114369e488239478d170f8cf63ecc1f462a950db9ebb538fdf284a86008c8e',SP1 training update,True,True,False,False,False,False,False,False,False,False,0.000117,,reused existing SP1 provenance tamper_report.json
